input_code,num_sims,budget,delay,budget_used,lp_budget,obj_value,lp_obj_value,gm_value,lp_runtime,lp_work,input_file,int_filename,network
BD1_S100_0,100,1,1,4,1.0,49.92,63.24324200913211,5,300.3056800365448,198.4608655840132,../work/dags/BD1_S100_0_dag.csv,../work/interventions/BD1_S100_0/comp_I1-B1.csv,BD
BD2_S100_0,100,1,1,4,1.0,52.98,61.90087606837687,5,321.760586977005,208.60349900617533,../work/dags/BD2_S100_0_dag.csv,../work/interventions/BD2_S100_0/comp_I1-B1.csv,BD
BD3_S100_0,100,1,1,5,1.0,113.24,98.5107755101998,5,448.6430370807648,289.8539433047928,../work/dags/BD3_S100_0_dag.csv,../work/interventions/BD3_S100_0/comp_I1-B1.csv,BD
BD4_S100_0,100,1,1,5,1.0000000000000002,112.92,97.2584107945976,5,519.6728229522705,331.435303619284,../work/dags/BD4_S100_0_dag.csv,../work/interventions/BD4_S100_0/comp_I1-B1.csv,BD
BD1_S100_0,100,2,1,6,2.0,9.65,12.82518750000003,5,944.2416150569916,208.98587293627867,../work/dags/BD1_S100_0_dag.csv,../work/interventions/BD1_S100_0/comp_I1-B2.csv,BD
BD2_S100_0,100,2,1,6,2.0,9.5,12.517375000000046,5,649.7981929779053,191.5399417018438,../work/dags/BD2_S100_0_dag.csv,../work/interventions/BD2_S100_0/comp_I1-B2.csv,BD
BD3_S100_0,100,2,1,6,2.0,32.71,30.801304347826918,5,388.1294720172882,491.6540765129468,../work/dags/BD3_S100_0_dag.csv,../work/interventions/BD3_S100_0/comp_I1-B2.csv,BD
BD4_S100_0,100,2,1,6,2.0,33.64,30.002772727272696,5,316.38088512420654,393.6057018566788,../work/dags/BD4_S100_0_dag.csv,../work/interventions/BD4_S100_0/comp_I1-B2.csv,BD
BD1_S100_0,100,3,1,5,3.0,5.43,4.896666666666607,5,329.1385040283203,251.33027473997225,../work/dags/BD1_S100_0_dag.csv,../work/interventions/BD1_S100_0/comp_I1-B3.csv,BD
BD2_S100_0,100,3,1,5,3.0000000000000004,5.43,4.83666666666661,5,455.9263088703156,260.20170374860083,../work/dags/BD2_S100_0_dag.csv,../work/interventions/BD2_S100_0/comp_I1-B3.csv,BD
BD3_S100_0,100,3,1,5,3.0,13.8,12.093333333333549,5,82.0934419631958,110.21541034891337,../work/dags/BD3_S100_0_dag.csv,../work/interventions/BD3_S100_0/comp_I1-B3.csv,BD
BD4_S100_0,100,3,1,5,3.0,13.8,11.870000000000186,5,99.6796441078186,118.17106828278452,../work/dags/BD4_S100_0_dag.csv,../work/interventions/BD4_S100_0/comp_I1-B3.csv,BD
BD1_S100_0,100,4,1,5,4.0,3.19,2.5949999999999847,5,277.72485184669495,125.41543318607668,../work/dags/BD1_S100_0_dag.csv,../work/interventions/BD1_S100_0/comp_I1-B4.csv,BD
BD2_S100_0,100,4,1,5,4.0,3.19,2.5949999999999847,5,665.5769219398499,128.5214655114597,../work/dags/BD2_S100_0_dag.csv,../work/interventions/BD2_S100_0/comp_I1-B4.csv,BD
BD3_S100_0,100,4,1,5,4.0,6.68,4.33999999999994,5,52.227625131607056,54.24487801170834,../work/dags/BD3_S100_0_dag.csv,../work/interventions/BD3_S100_0/comp_I1-B4.csv,BD
BD4_S100_0,100,4,1,5,4.0,6.68,4.33999999999994,5,54.742807149887085,50.23324615808581,../work/dags/BD4_S100_0_dag.csv,../work/interventions/BD4_S100_0/comp_I1-B4.csv,BD
BD1_S100_0,100,1,3,5,1.0,130.72,112.42025000000356,5,177.5958878993988,132.53259806081206,../work/dags/BD1_S100_0_dag.csv,../work/interventions/BD1_S100_0/comp_I3-B1.csv,BD
BD2_S100_0,100,1,3,4,1.0000000000000002,128.96,111.07602564102883,5,199.76019191741943,159.1544723701953,../work/dags/BD2_S100_0_dag.csv,../work/interventions/BD2_S100_0/comp_I3-B1.csv,BD
BD3_S100_0,100,1,3,4,1.0,164.96,143.31499999999855,5,452.1102628707886,384.56930844785,../work/dags/BD3_S100_0_dag.csv,../work/interventions/BD3_S100_0/comp_I3-B1.csv,BD
BD4_S100_0,100,1,3,4,1.0,163.07,142.24607142857397,5,485.9324851036072,378.2484296713484,../work/dags/BD4_S100_0_dag.csv,../work/interventions/BD4_S100_0/comp_I3-B1.csv,BD
BD1_S100_0,100,2,3,7,2.0,36.8,56.37399999999924,5,166.88047194480896,91.98002490947955,../work/dags/BD1_S100_0_dag.csv,../work/interventions/BD1_S100_0/comp_I3-B2.csv,BD
BD2_S100_0,100,2,3,7,2.0000000000000004,35.96,55.39166666666577,5,158.07419800758362,91.03060896659964,../work/dags/BD2_S100_0_dag.csv,../work/interventions/BD2_S100_0/comp_I3-B2.csv,BD
BD3_S100_0,100,2,3,7,2.0,98.58,97.59749999998796,5,225.44687604904172,151.4019948858926,../work/dags/BD3_S100_0_dag.csv,../work/interventions/BD3_S100_0/comp_I3-B2.csv,BD
BD4_S100_0,100,2,3,7,2.0,95.95,96.29532258063352,5,210.1521029472351,146.25316726740877,../work/dags/BD4_S100_0_dag.csv,../work/interventions/BD4_S100_0/comp_I3-B2.csv,BD
BD1_S100_0,100,3,3,7,3.0000000000000004,30.29,28.441666666666624,5,82.30812191963196,108.31308459512098,../work/dags/BD1_S100_0_dag.csv,../work/interventions/BD1_S100_0/comp_I3-B3.csv,BD
BD2_S100_0,100,3,3,7,3.0000000000000004,30.08,28.08333333333327,5,78.41524696350098,95.5257858397927,../work/dags/BD2_S100_0_dag.csv,../work/interventions/BD2_S100_0/comp_I3-B3.csv,BD
BD3_S100_0,100,3,3,7,3.0,70.69,63.97916666666372,5,339.6868839263916,170.38486417768908,../work/dags/BD3_S100_0_dag.csv,../work/interventions/BD3_S100_0/comp_I3-B3.csv,BD
BD4_S100_0,100,3,3,7,3.0,69.91,62.97666666666402,5,449.9333870410919,459.0494973903539,../work/dags/BD4_S100_0_dag.csv,../work/interventions/BD4_S100_0/comp_I3-B3.csv,BD
BD1_S100_0,100,4,3,7,4.0,21.49,19.375000000000213,5,47.868393898010254,46.21506720326798,../work/dags/BD1_S100_0_dag.csv,../work/interventions/BD1_S100_0/comp_I3-B4.csv,BD
BD2_S100_0,100,4,3,7,4.0,21.36,19.310000000000205,5,42.69538903236389,43.15363424137425,../work/dags/BD2_S100_0_dag.csv,../work/interventions/BD2_S100_0/comp_I3-B4.csv,BD
BD3_S100_0,100,4,3,7,4.0,50.33,43.94500000000036,5,165.43275904655457,147.68192761436822,../work/dags/BD3_S100_0_dag.csv,../work/interventions/BD3_S100_0/comp_I3-B4.csv,BD
BD4_S100_0,100,4,3,7,4.0,49.8,43.68000000000031,5,91.5227210521698,87.13566963069393,../work/dags/BD4_S100_0_dag.csv,../work/interventions/BD4_S100_0/comp_I3-B4.csv,BD
BD1_S100_0,100,1,6,5,1.0,172.88,155.14285714284537,5,185.63378810882568,143.8124372422437,../work/dags/BD1_S100_0_dag.csv,../work/interventions/BD1_S100_0/comp_I6-B1.csv,BD
BD2_S100_0,100,1,6,5,1.0,158.27,153.8203571428464,5,229.76114916801453,158.31677845750178,../work/dags/BD2_S100_0_dag.csv,../work/interventions/BD2_S100_0/comp_I6-B1.csv,BD
BD3_S100_0,100,1,6,4,1.0,194.34,180.3152631578789,5,249.8972079753876,213.4382660898489,../work/dags/BD3_S100_0_dag.csv,../work/interventions/BD3_S100_0/comp_I6-B1.csv,BD
BD4_S100_0,100,1,6,4,1.0,192.98,179.0286486486302,5,333.6127049922943,230.89121562998864,../work/dags/BD4_S100_0_dag.csv,../work/interventions/BD4_S100_0/comp_I6-B1.csv,BD
BD1_S100_0,100,2,6,5,2.0,141.54,127.11000000001393,5,127.97695517539978,107.80840212890752,../work/dags/BD1_S100_0_dag.csv,../work/interventions/BD1_S100_0/comp_I6-B2.csv,BD
BD2_S100_0,100,2,6,5,2.0,139.42,125.46750000001371,5,219.636901140213,120.94783520009284,../work/dags/BD2_S100_0_dag.csv,../work/interventions/BD2_S100_0/comp_I6-B2.csv,BD
BD3_S100_0,100,2,6,5,2.0,161.91,161.63099999998974,5,194.44246006011963,153.36085885853467,../work/dags/BD3_S100_0_dag.csv,../work/interventions/BD3_S100_0/comp_I6-B2.csv,BD
BD4_S100_0,100,2,6,5,2.0,160.06,159.84266666665792,5,233.2090289592743,180.42362921159733,../work/dags/BD4_S100_0_dag.csv,../work/interventions/BD4_S100_0/comp_I6-B2.csv,BD
BD1_S100_0,100,3,6,6,3.0,128.26,109.73000000001066,5,94.38783502578735,70.49676906403856,../work/dags/BD1_S100_0_dag.csv,../work/interventions/BD1_S100_0/comp_I6-B3.csv,BD
BD2_S100_0,100,3,6,6,3.0000000000000004,107.23,108.37583333334364,5,101.80568194389345,78.02994117517072,../work/dags/BD2_S100_0_dag.csv,../work/interventions/BD2_S100_0/comp_I6-B3.csv,BD
BD3_S100_0,100,3,6,5,3.0,159.2,149.78000000000426,5,220.4447290897369,167.41093406567788,../work/dags/BD3_S100_0_dag.csv,../work/interventions/BD3_S100_0/comp_I6-B3.csv,BD
BD4_S100_0,100,3,6,5,3.0,157.17,147.70500000000604,5,163.1105179786682,141.54387463970173,../work/dags/BD4_S100_0_dag.csv,../work/interventions/BD4_S100_0/comp_I6-B3.csv,BD
BD1_S100_0,100,4,6,6,4.0,98.1,99.62444444445684,5,126.3480851650238,91.77624281185427,../work/dags/BD1_S100_0_dag.csv,../work/interventions/BD1_S100_0/comp_I6-B4.csv,BD
BD2_S100_0,100,4,6,6,4.0,96.97,98.2866666666783,5,132.84504914283752,101.99555282511626,../work/dags/BD2_S100_0_dag.csv,../work/interventions/BD2_S100_0/comp_I6-B4.csv,BD
BD3_S100_0,100,4,6,5,4.0,145.97,143.16500000001344,5,163.32480907440186,119.707161018724,../work/dags/BD3_S100_0_dag.csv,../work/interventions/BD3_S100_0/comp_I6-B4.csv,BD
BD4_S100_0,100,4,6,5,4.0,143.92,141.0800000000153,5,141.27989292144775,122.83591037890776,../work/dags/BD4_S100_0_dag.csv,../work/interventions/BD4_S100_0/comp_I6-B4.csv,BD
BD1_S100_0,100,1,12,3,1.0,200.03,199.04666666662948,5,9.348014116287231,8.488272769833838,../work/dags/BD1_S100_0_dag.csv,../work/interventions/BD1_S100_0/comp_I12-B1.csv,BD
BD2_S100_0,100,1,12,3,1.0,199.33,198.6766666666299,5,9.944422960281372,8.358234420957558,../work/dags/BD2_S100_0_dag.csv,../work/interventions/BD2_S100_0/comp_I12-B1.csv,BD
BD3_S100_0,100,1,12,2,1.0,202.47,202.30499999996093,5,10.711966037750244,10.5384167550627,../work/dags/BD3_S100_0_dag.csv,../work/interventions/BD3_S100_0/comp_I12-B1.csv,BD
BD4_S100_0,100,1,12,2,1.0,202.13,202.0249999999612,5,11.788436889648438,9.86704476941027,../work/dags/BD4_S100_0_dag.csv,../work/interventions/BD4_S100_0/comp_I12-B1.csv,BD
BD1_S100_0,100,2,12,3,2.0,197.72,197.13499999996543,5,9.161489009857178,8.269548416545135,../work/dags/BD1_S100_0_dag.csv,../work/interventions/BD1_S100_0/comp_I12-B2.csv,BD
BD2_S100_0,100,2,12,4,2.0,196.97,196.73999999996568,5,13.552196979522703,28.45162126014491,../work/dags/BD2_S100_0_dag.csv,../work/interventions/BD2_S100_0/comp_I12-B2.csv,BD
BD3_S100_0,100,2,12,2,2.0,202.14,202.13999999996116,5,11.632431030273438,10.019054000384031,../work/dags/BD3_S100_0_dag.csv,../work/interventions/BD3_S100_0/comp_I12-B2.csv,BD
BD4_S100_0,100,2,12,2,2.0,201.92,201.91999999996133,5,11.38264799118042,9.793847888848967,../work/dags/BD4_S100_0_dag.csv,../work/interventions/BD4_S100_0/comp_I12-B2.csv,BD
BD1_S100_0,100,3,12,4,3.0,196.43,196.44249999996623,5,9.966532945632936,10.256744390169793,../work/dags/BD1_S100_0_dag.csv,../work/interventions/BD1_S100_0/comp_I12-B3.csv,BD
BD2_S100_0,100,3,12,4,3.0,196.02,196.07999999996653,5,9.355360984802246,7.945984607699249,../work/dags/BD2_S100_0_dag.csv,../work/interventions/BD2_S100_0/comp_I12-B3.csv,BD
BD3_S100_0,100,3,12,3,3.0,202.12,202.11999999996115,5,11.7358078956604,10.087889020966612,../work/dags/BD3_S100_0_dag.csv,../work/interventions/BD3_S100_0/comp_I12-B3.csv,BD
BD4_S100_0,100,3,12,4,3.0,201.89,201.89249999996136,5,11.571812868118286,16.299332366741417,../work/dags/BD4_S100_0_dag.csv,../work/interventions/BD4_S100_0/comp_I12-B3.csv,BD
BD1_S100_0,100,4,12,4,4.0,196.23,196.2299999999665,5,9.445322036743164,7.951573847002355,../work/dags/BD1_S100_0_dag.csv,../work/interventions/BD1_S100_0/comp_I12-B4.csv,BD
BD2_S100_0,100,4,12,5,4.0,195.95,195.84499999996683,5,12.252633094787598,19.445525894561868,../work/dags/BD2_S100_0_dag.csv,../work/interventions/BD2_S100_0/comp_I12-B4.csv,BD
BD3_S100_0,100,4,12,6,3.5,202.12,202.11999999996115,5,11.84501886367798,10.24151137653502,../work/dags/BD3_S100_0_dag.csv,../work/interventions/BD3_S100_0/comp_I12-B4.csv,BD
BD4_S100_0,100,4,12,7,3.833333333333333,201.89,201.88999999996136,5,11.089943885803224,10.1146725338592,../work/dags/BD4_S100_0_dag.csv,../work/interventions/BD4_S100_0/comp_I12-B4.csv,BD
BD1_S100_0,100,1,18,1,1.0,203.43,203.42999999996,5,4.902122974395752,4.786531874269825,../work/dags/BD1_S100_0_dag.csv,../work/interventions/BD1_S100_0/comp_I18-B1.csv,BD
BD2_S100_0,100,1,18,1,1.0,203.1,203.09999999996023,5,5.182388067245483,4.699370722790726,../work/dags/BD2_S100_0_dag.csv,../work/interventions/BD2_S100_0/comp_I18-B1.csv,BD
BD3_S100_0,100,1,18,1,1.0,203.77,203.76999999995965,5,6.36476993560791,6.507933406190971,../work/dags/BD3_S100_0_dag.csv,../work/interventions/BD3_S100_0/comp_I18-B1.csv,BD
BD4_S100_0,100,1,18,1,1.0,203.54,203.53999999995983,5,6.922630071640015,6.368299668619979,../work/dags/BD4_S100_0_dag.csv,../work/interventions/BD4_S100_0/comp_I18-B1.csv,BD
BD1_S100_0,100,2,18,5,2.0,203.43,203.42999999996,5,5.013744831085205,4.9595221875740885,../work/dags/BD1_S100_0_dag.csv,../work/interventions/BD1_S100_0/comp_I18-B2.csv,BD
BD2_S100_0,100,2,18,2,2.0,203.08,203.07999999996028,5,5.149899005889893,4.686112915328341,../work/dags/BD2_S100_0_dag.csv,../work/interventions/BD2_S100_0/comp_I18-B2.csv,BD
BD3_S100_0,100,2,18,5,2.0,203.77,203.76999999995965,5,7.083967924118042,6.706291882060171,../work/dags/BD3_S100_0_dag.csv,../work/interventions/BD3_S100_0/comp_I18-B2.csv,BD
BD4_S100_0,100,2,18,5,2.0,203.54,203.53999999995983,5,7.019337892532349,6.5740831201782495,../work/dags/BD4_S100_0_dag.csv,../work/interventions/BD4_S100_0/comp_I18-B2.csv,BD
BD1_S100_0,100,3,18,7,3.0,203.43,203.42999999996,5,5.458306074142456,4.987900034103671,../work/dags/BD1_S100_0_dag.csv,../work/interventions/BD1_S100_0/comp_I18-B3.csv,BD
BD2_S100_0,100,3,18,6,3.0,203.08,203.07999999996028,5,5.260120868682861,4.834663624557668,../work/dags/BD2_S100_0_dag.csv,../work/interventions/BD2_S100_0/comp_I18-B3.csv,BD
BD3_S100_0,100,3,18,7,3.0,203.77,203.76999999995965,5,7.176717042922974,6.733203493204743,../work/dags/BD3_S100_0_dag.csv,../work/interventions/BD3_S100_0/comp_I18-B3.csv,BD
BD4_S100_0,100,3,18,7,3.0,203.54,203.53999999995983,5,7.160001039505005,6.615713538909468,../work/dags/BD4_S100_0_dag.csv,../work/interventions/BD4_S100_0/comp_I18-B3.csv,BD
BD1_S100_0,100,4,18,7,4.0,203.43,203.42999999996,5,5.392312049865723,4.967308719625388,../work/dags/BD1_S100_0_dag.csv,../work/interventions/BD1_S100_0/comp_I18-B4.csv,BD
BD2_S100_0,100,4,18,7,4.0,203.08,203.07999999996028,5,4.92926287651062,4.850454169848376,../work/dags/BD2_S100_0_dag.csv,../work/interventions/BD2_S100_0/comp_I18-B4.csv,BD
BD3_S100_0,100,4,18,7,4.0,203.77,203.76999999995965,5,6.897771835327148,6.712617115399591,../work/dags/BD3_S100_0_dag.csv,../work/interventions/BD3_S100_0/comp_I18-B4.csv,BD
BD4_S100_0,100,4,18,7,4.0,203.54,203.53999999995983,5,7.239233016967773,6.595125227135487,../work/dags/BD4_S100_0_dag.csv,../work/interventions/BD4_S100_0/comp_I18-B4.csv,BD
ID1_S100_0,100,1,1,4,1.0,267.82,261.0253333332351,7,29.336857080459595,17.782981717631827,../work/dags/ID1_S100_0_dag.csv,../work/interventions/ID1_S100_0/comp_I1-B1.csv,ID
ID2_S100_0,100,1,1,4,1.0,248.14,245.6779166665833,7,48.98471903800965,27.504003761923503,../work/dags/ID2_S100_0_dag.csv,../work/interventions/ID2_S100_0/comp_I1-B1.csv,ID
ID3_S100_0,100,1,1,4,1.0,271.55,271.0399999998916,7,43.36731195449829,29.365389442894703,../work/dags/ID3_S100_0_dag.csv,../work/interventions/ID3_S100_0/comp_I1-B1.csv,ID
ID4_S100_0,100,1,1,4,1.0,256.59,253.4266666665755,7,136.36433696746826,78.2147483995272,../work/dags/ID4_S100_0_dag.csv,../work/interventions/ID4_S100_0/comp_I1-B1.csv,ID
ID1_S100_0,100,4,1,7,4.0,227.07,229.3371818181204,7,42.96740102767944,27.52003946945884,../work/dags/ID1_S100_0_dag.csv,../work/interventions/ID1_S100_0/comp_I1-B4.csv,ID
ID2_S100_0,100,4,1,7,4.0,216.55,218.4370833332789,7,55.77906703948975,31.25409892253909,../work/dags/ID2_S100_0_dag.csv,../work/interventions/ID2_S100_0/comp_I1-B4.csv,ID
ID3_S100_0,100,4,1,6,4.0,231.9,230.55182072822635,7,103.89584112167358,69.48587272213253,../work/dags/ID3_S100_0_dag.csv,../work/interventions/ID3_S100_0/comp_I1-B4.csv,ID
ID4_S100_0,100,4,1,7,4.0,220.49,219.3496153845604,7,326.29828906059265,186.26937704484203,../work/dags/ID4_S100_0_dag.csv,../work/interventions/ID4_S100_0/comp_I1-B4.csv,ID
ID1_S100_0,100,7,1,8,7.0,226.36,226.34999999993912,7,31.594155073165894,16.775446076761057,../work/dags/ID1_S100_0_dag.csv,../work/interventions/ID1_S100_0/comp_I1-B7.csv,ID
ID2_S100_0,100,7,1,8,7.0,216.04,216.0299999999485,7,44.24647498130798,26.018321046935284,../work/dags/ID2_S100_0_dag.csv,../work/interventions/ID2_S100_0/comp_I1-B7.csv,ID
ID3_S100_0,100,7,1,10,7.0,226.34,226.32833333327247,7,59.02621102333069,40.47658533463703,../work/dags/ID3_S100_0_dag.csv,../work/interventions/ID3_S100_0/comp_I1-B7.csv,ID
ID4_S100_0,100,7,1,10,7.0,216.04,216.02833333328184,7,146.84954714775083,73.97699692130955,../work/dags/ID4_S100_0_dag.csv,../work/interventions/ID4_S100_0/comp_I1-B7.csv,ID
ID1_S100_0,100,10,1,9,8.5,226.34,226.33999999993912,7,27.234735012054443,14.299808753546602,../work/dags/ID1_S100_0_dag.csv,../work/interventions/ID1_S100_0/comp_I1-B10.csv,ID
ID2_S100_0,100,10,1,10,9.5,216.02,216.0199999999485,7,32.75418996810913,19.022382287004056,../work/dags/ID2_S100_0_dag.csv,../work/interventions/ID2_S100_0/comp_I1-B10.csv,ID
ID3_S100_0,100,10,1,10,10.0,226.29,226.2899999999392,7,54.296688079833984,29.48735270662588,../work/dags/ID3_S100_0_dag.csv,../work/interventions/ID3_S100_0/comp_I1-B10.csv,ID
ID4_S100_0,100,10,1,10,10.0,215.99,215.9899999999485,7,81.4811110496521,46.61389807444768,../work/dags/ID4_S100_0_dag.csv,../work/interventions/ID4_S100_0/comp_I1-B10.csv,ID
ID1_S100_0,100,16,1,9,9.0,226.34,226.33999999993912,7,23.468649864196777,13.588479854588396,../work/dags/ID1_S100_0_dag.csv,../work/interventions/ID1_S100_0/comp_I1-B16.csv,ID
ID2_S100_0,100,16,1,10,10.0,216.02,216.0199999999485,7,29.28990602493286,16.59215303915375,../work/dags/ID2_S100_0_dag.csv,../work/interventions/ID2_S100_0/comp_I1-B16.csv,ID
ID3_S100_0,100,16,1,11,10.5,226.29,226.2899999999392,7,44.643046855926514,23.75298021679681,../work/dags/ID3_S100_0_dag.csv,../work/interventions/ID3_S100_0/comp_I1-B16.csv,ID
ID4_S100_0,100,16,1,11,11.0,215.99,215.9899999999485,7,53.6640419960022,33.826174699240454,../work/dags/ID4_S100_0_dag.csv,../work/interventions/ID4_S100_0/comp_I1-B16.csv,ID
ID1_S100_0,100,1,3,4,1.0,273.0,268.1566666665629,7,24.86555409431457,17.352714494203873,../work/dags/ID1_S100_0_dag.csv,../work/interventions/ID1_S100_0/comp_I3-B1.csv,ID
ID2_S100_0,100,1,3,4,1.0,254.04,250.94916666657804,7,18.26568102836609,12.86853455498079,../work/dags/ID2_S100_0_dag.csv,../work/interventions/ID2_S100_0/comp_I3-B1.csv,ID
ID3_S100_0,100,1,3,3,1.0,286.12,284.5295238094107,7,47.55060386657715,34.847032524049695,../work/dags/ID3_S100_0_dag.csv,../work/interventions/ID3_S100_0/comp_I3-B1.csv,ID
ID4_S100_0,100,1,3,4,1.0,269.77,263.6158333332315,7,31.073340892791748,20.78729766853978,../work/dags/ID4_S100_0_dag.csv,../work/interventions/ID4_S100_0/comp_I3-B1.csv,ID
ID1_S100_0,100,4,3,6,4.0,233.43,234.92749999993052,7,19.952434062957764,33.324638377496875,../work/dags/ID1_S100_0_dag.csv,../work/interventions/ID1_S100_0/comp_I3-B4.csv,ID
ID2_S100_0,100,4,3,6,4.0,221.95,223.44321428565527,7,16.67695903778076,29.272153096758714,../work/dags/ID2_S100_0_dag.csv,../work/interventions/ID2_S100_0/comp_I3-B4.csv,ID
ID3_S100_0,100,4,3,7,4.0,238.74,236.70916666659565,7,61.07719707489014,164.2576125591361,../work/dags/ID3_S100_0_dag.csv,../work/interventions/ID3_S100_0/comp_I3-B4.csv,ID
ID4_S100_0,100,4,3,6,4.0,226.54,224.90211538455577,7,50.68649888038635,119.9553370335053,../work/dags/ID4_S100_0_dag.csv,../work/interventions/ID4_S100_0/comp_I3-B4.csv,ID
ID1_S100_0,100,7,3,9,7.0,232.39,232.3899999999336,7,12.11472201347351,8.718066931374098,../work/dags/ID1_S100_0_dag.csv,../work/interventions/ID1_S100_0/comp_I3-B7.csv,ID
ID2_S100_0,100,7,3,11,7.0,221.1,221.0999999999439,7,9.51950192451477,7.163128843926665,../work/dags/ID2_S100_0_dag.csv,../work/interventions/ID2_S100_0/comp_I3-B7.csv,ID
ID3_S100_0,100,7,3,11,7.000000000000001,232.43,232.4299999999336,7,21.25270199775696,16.99924112863887,../work/dags/ID3_S100_0_dag.csv,../work/interventions/ID3_S100_0/comp_I3-B7.csv,ID
ID4_S100_0,100,7,3,11,7.000000000000001,221.16,221.15999999994384,7,14.218801021575928,12.633878838001698,../work/dags/ID4_S100_0_dag.csv,../work/interventions/ID4_S100_0/comp_I3-B7.csv,ID
ID1_S100_0,100,10,3,10,9.5,232.39,232.3899999999336,7,11.85012912750244,8.582342050910448,../work/dags/ID1_S100_0_dag.csv,../work/interventions/ID1_S100_0/comp_I3-B10.csv,ID
ID2_S100_0,100,10,3,11,10.0,221.1,221.0999999999439,7,7.973232984542847,7.063857826546999,../work/dags/ID2_S100_0_dag.csv,../work/interventions/ID2_S100_0/comp_I3-B10.csv,ID
ID3_S100_0,100,10,3,11,9.5,232.43,232.4299999999336,7,20.679802179336548,13.5837378666661,../work/dags/ID3_S100_0_dag.csv,../work/interventions/ID3_S100_0/comp_I3-B10.csv,ID
ID4_S100_0,100,10,3,11,9.5,221.16,221.15999999994384,7,12.890069961547852,11.161579677988804,../work/dags/ID4_S100_0_dag.csv,../work/interventions/ID4_S100_0/comp_I3-B10.csv,ID
ID1_S100_0,100,16,3,10,9.5,232.39,232.3899999999336,7,11.230746030807495,8.582342050910448,../work/dags/ID1_S100_0_dag.csv,../work/interventions/ID1_S100_0/comp_I3-B16.csv,ID
ID2_S100_0,100,16,3,11,10.0,221.1,221.0999999999439,7,8.005033016204834,7.063857826546999,../work/dags/ID2_S100_0_dag.csv,../work/interventions/ID2_S100_0/comp_I3-B16.csv,ID
ID3_S100_0,100,16,3,11,9.5,232.43,232.4299999999336,7,20.05016589164734,13.5837378666661,../work/dags/ID3_S100_0_dag.csv,../work/interventions/ID3_S100_0/comp_I3-B16.csv,ID
ID4_S100_0,100,16,3,11,9.5,221.16,221.15999999994384,7,15.136450052261353,11.161579677988804,../work/dags/ID4_S100_0_dag.csv,../work/interventions/ID4_S100_0/comp_I3-B16.csv,ID
ID1_S100_0,100,1,6,3,1.0,292.43,288.7199999998764,7,31.995537996292114,20.731102679607115,../work/dags/ID1_S100_0_dag.csv,../work/interventions/ID1_S100_0/comp_I6-B1.csv,ID
ID2_S100_0,100,1,6,4,1.0,261.37,264.76722222213755,7,14.595585107803345,10.286868588901704,../work/dags/ID2_S100_0_dag.csv,../work/interventions/ID2_S100_0/comp_I6-B1.csv,ID
ID4_S100_0,100,1,6,3,1.0,303.97,298.8549999998722,7,32.57044196128845,24.49642974421843,../work/dags/ID4_S100_0_dag.csv,../work/interventions/ID4_S100_0/comp_I6-B1.csv,ID
ID1_S100_0,100,4,6,7,4.0,242.63,245.3825777777,7,31.020512104034424,19.626684370284707,../work/dags/ID1_S100_0_dag.csv,../work/interventions/ID1_S100_0/comp_I6-B4.csv,ID
ID2_S100_0,100,4,6,6,4.0,228.63,230.91812499993736,7,17.222496032714844,32.19130821875024,../work/dags/ID2_S100_0_dag.csv,../work/interventions/ID2_S100_0/comp_I6-B4.csv,ID
ID3_S100_0,100,4,6,10,4.0,249.84,250.47457683733737,7,131.33603501319885,233.85716638672784,../work/dags/ID3_S100_0_dag.csv,../work/interventions/ID3_S100_0/comp_I6-B4.csv,ID
ID4_S100_0,100,4,6,8,4.0,234.9,235.0640512819804,7,44.8307249546051,31.675114278228943,../work/dags/ID4_S100_0_dag.csv,../work/interventions/ID4_S100_0/comp_I6-B4.csv,ID
ID1_S100_0,100,7,6,13,7.0,240.34,240.3349999999264,7,12.548353910446169,11.580740292849317,../work/dags/ID1_S100_0_dag.csv,../work/interventions/ID1_S100_0/comp_I6-B7.csv,ID
ID2_S100_0,100,7,6,11,6.999999999999999,227.25,227.2469999999383,7,9.750075101852415,9.283394281030793,../work/dags/ID2_S100_0_dag.csv,../work/interventions/ID2_S100_0/comp_I6-B7.csv,ID
ID3_S100_0,100,7,6,15,7.0,241.0,241.03288888881457,7,91.84788012504578,53.81502094051072,../work/dags/ID3_S100_0_dag.csv,../work/interventions/ID3_S100_0/comp_I6-B7.csv,ID
ID4_S100_0,100,7,6,15,6.999999999999999,227.74,227.7426666666045,7,17.44051694869995,26.06616144623465,../work/dags/ID4_S100_0_dag.csv,../work/interventions/ID4_S100_0/comp_I6-B7.csv,ID
ID1_S100_0,100,10,6,13,10.0,240.26,240.2599999999265,7,11.383174896240234,8.17633869947767,../work/dags/ID1_S100_0_dag.csv,../work/interventions/ID1_S100_0/comp_I6-B10.csv,ID
ID2_S100_0,100,10,6,12,10.0,227.22,227.21999999993832,7,7.741710901260376,6.589238889273283,../work/dags/ID2_S100_0_dag.csv,../work/interventions/ID2_S100_0/comp_I6-B10.csv,ID
ID3_S100_0,100,10,6,14,10.0,240.77,240.7316666665927,7,132.5062620639801,406.7906438332289,../work/dags/ID3_S100_0_dag.csv,../work/interventions/ID3_S100_0/comp_I6-B10.csv,ID
ID4_S100_0,100,10,6,14,10.0,227.58,227.55333333327135,7,14.652080774307253,15.708639892558612,../work/dags/ID4_S100_0_dag.csv,../work/interventions/ID4_S100_0/comp_I6-B10.csv,ID
ID1_S100_0,100,16,6,13,11.5,240.26,240.2599999999265,7,10.801828145980837,7.909398958102288,../work/dags/ID1_S100_0_dag.csv,../work/interventions/ID1_S100_0/comp_I6-B16.csv,ID
ID2_S100_0,100,16,6,12,10.5,227.22,227.21999999993832,7,9.457294940948486,6.523786486503602,../work/dags/ID2_S100_0_dag.csv,../work/interventions/ID2_S100_0/comp_I6-B16.csv,ID
ID3_S100_0,100,16,6,16,14.642857142857142,240.66,240.6599999999261,7,11.965842008590698,8.029714641393653,../work/dags/ID3_S100_0_dag.csv,../work/interventions/ID3_S100_0/comp_I6-B16.csv,ID
ID4_S100_0,100,16,6,15,14.5,227.51,227.5099999999381,7,14.798279047012327,10.662008357076528,../work/dags/ID4_S100_0_dag.csv,../work/interventions/ID4_S100_0/comp_I6-B16.csv,ID
ID1_S100_0,100,1,12,5,1.0,366.25,360.4178333331572,7,28.076504945755005,20.226467278163632,../work/dags/ID1_S100_0_dag.csv,../work/interventions/ID1_S100_0/comp_I12-B1.csv,ID
ID2_S100_0,100,1,12,6,1.0,320.43,315.43194444430003,7,12.117449045181274,10.106970262581042,../work/dags/ID2_S100_0_dag.csv,../work/interventions/ID2_S100_0/comp_I12-B1.csv,ID
ID3_S100_0,100,1,12,6,1.0,545.78,522.5930208330907,7,71.71412301063538,49.1394651960098,../work/dags/ID3_S100_0_dag.csv,../work/interventions/ID3_S100_0/comp_I12-B1.csv,ID
ID4_S100_0,100,1,12,7,1.0,443.2,428.57349999980073,7,41.73252487182617,33.33238536771443,../work/dags/ID4_S100_0_dag.csv,../work/interventions/ID4_S100_0/comp_I12-B1.csv,ID
ID1_S100_0,100,4,12,16,4.0,312.5,307.3084624998757,7,22.22100186347961,14.645901755981663,../work/dags/ID1_S100_0_dag.csv,../work/interventions/ID1_S100_0/comp_I12-B4.csv,ID
ID2_S100_0,100,4,12,13,4.0,281.74,277.0331271120294,7,14.153661966323853,11.610937825752366,../work/dags/ID2_S100_0_dag.csv,../work/interventions/ID2_S100_0/comp_I12-B4.csv,ID
ID3_S100_0,100,4,12,18,3.999999999999999,396.45,386.0081884161097,7,66.12884902954102,46.93566005266339,../work/dags/ID3_S100_0_dag.csv,../work/interventions/ID3_S100_0/comp_I12-B4.csv,ID
ID4_S100_0,100,4,12,17,4.0,333.26,329.2756021824057,7,31.586931943893436,23.29624440733293,../work/dags/ID4_S100_0_dag.csv,../work/interventions/ID4_S100_0/comp_I12-B4.csv,ID
ID1_S100_0,100,7,12,22,7.000000000000001,290.99,287.0856636903623,7,25.365170001983643,18.49386168016549,../work/dags/ID1_S100_0_dag.csv,../work/interventions/ID1_S100_0/comp_I12-B7.csv,ID
ID2_S100_0,100,7,12,18,7.0,259.44,261.2509670328746,7,16.202172994613647,11.428351886862565,../work/dags/ID2_S100_0_dag.csv,../work/interventions/ID2_S100_0/comp_I12-B7.csv,ID
ID3_S100_0,100,7,12,26,7.000000000000001,329.64,331.5481288743071,7,52.90275311470032,34.53569218239975,../work/dags/ID3_S100_0_dag.csv,../work/interventions/ID3_S100_0/comp_I12-B7.csv,ID
ID4_S100_0,100,7,12,25,7.000000000000001,290.78,291.30242095045736,7,29.374961853027344,20.329842390896424,../work/dags/ID4_S100_0_dag.csv,../work/interventions/ID4_S100_0/comp_I12-B7.csv,ID
ID1_S100_0,100,10,12,28,10.0,278.9,276.9981553883645,7,17.894832134246826,13.557929484223116,../work/dags/ID1_S100_0_dag.csv,../work/interventions/ID1_S100_0/comp_I12-B10.csv,ID
ID2_S100_0,100,10,12,25,9.999999999999996,254.69,254.27801020399565,7,12.42648696899414,9.440255788679844,../work/dags/ID2_S100_0_dag.csv,../work/interventions/ID2_S100_0/comp_I12-B10.csv,ID
ID3_S100_0,100,10,12,30,9.999999999999998,312.87,306.4099126982844,7,47.83302712440491,34.257472465194475,../work/dags/ID3_S100_0_dag.csv,../work/interventions/ID3_S100_0/comp_I12-B10.csv,ID
ID4_S100_0,100,10,12,28,10.0,277.05,274.029428571323,7,27.981278896331787,20.041546311015104,../work/dags/ID4_S100_0_dag.csv,../work/interventions/ID4_S100_0/comp_I12-B10.csv,ID
ID1_S100_0,100,16,12,31,16.0,270.93,270.7171944443432,7,14.074060201644896,22.92626680202955,../work/dags/ID1_S100_0_dag.csv,../work/interventions/ID1_S100_0/comp_I12-B16.csv,ID
ID2_S100_0,100,16,12,30,16.000000000000004,250.75,250.58428571420265,7,7.573426008224487,9.062153262154489,../work/dags/ID2_S100_0_dag.csv,../work/interventions/ID2_S100_0/comp_I12-B16.csv,ID
ID3_S100_0,100,16,12,32,15.999999999999996,288.51,286.60855555543867,7,36.17112112045288,77.69831903367435,../work/dags/ID3_S100_0_dag.csv,../work/interventions/ID3_S100_0/comp_I12-B16.csv,ID
ID4_S100_0,100,16,12,32,15.999999999999996,261.1,260.77756349197057,7,26.445494174957275,50.4128940713495,../work/dags/ID4_S100_0_dag.csv,../work/interventions/ID4_S100_0/comp_I12-B16.csv,ID
ID1_S100_0,100,1,18,3,1.0,409.5,407.06499999977166,7,9.657753944396973,12.405077338279732,../work/dags/ID1_S100_0_dag.csv,../work/interventions/ID1_S100_0/comp_I18-B1.csv,ID
ID2_S100_0,100,1,18,3,1.0,353.39,347.15249999982626,7,6.425589799880981,6.0404539051612645,../work/dags/ID2_S100_0_dag.csv,../work/interventions/ID2_S100_0/comp_I18-B1.csv,ID
ID3_S100_0,100,1,18,2,1.0,612.28,600.3499999995978,7,16.92409610748291,11.948179860407812,../work/dags/ID3_S100_0_dag.csv,../work/interventions/ID3_S100_0/comp_I18-B1.csv,ID
ID4_S100_0,100,1,18,3,1.0,489.93,487.5283333330314,7,13.941965818405151,13.6305783520152,../work/dags/ID4_S100_0_dag.csv,../work/interventions/ID4_S100_0/comp_I18-B1.csv,ID
ID1_S100_0,100,4,18,12,4.000000000000001,377.71,373.2328416664761,7,9.086325883865356,8.300292862851178,../work/dags/ID1_S100_0_dag.csv,../work/interventions/ID1_S100_0/comp_I18-B4.csv,ID
ID2_S100_0,100,4,18,12,4.0,326.64,323.7818623186919,7,6.689711093902588,6.070856709572335,../work/dags/ID2_S100_0_dag.csv,../work/interventions/ID2_S100_0/comp_I18-B4.csv,ID
ID3_S100_0,100,4,18,16,4.0,547.53,540.8482638885669,7,19.82357883453369,14.684263954890012,../work/dags/ID3_S100_0_dag.csv,../work/interventions/ID3_S100_0/comp_I18-B4.csv,ID
ID4_S100_0,100,4,18,15,3.999999999999999,442.04,437.2019742061036,7,15.52758502960205,14.658962193611446,../work/dags/ID4_S100_0_dag.csv,../work/interventions/ID4_S100_0/comp_I18-B4.csv,ID
ID1_S100_0,100,7,18,23,6.999999999999999,364.65,360.18608333315353,7,7.623593091964722,6.204109712804147,../work/dags/ID1_S100_0_dag.csv,../work/interventions/ID1_S100_0/comp_I18-B7.csv,ID
ID2_S100_0,100,7,18,23,7.000000000000001,317.29,315.1138273808106,7,6.202499866485596,5.483120902573563,../work/dags/ID2_S100_0_dag.csv,../work/interventions/ID2_S100_0/comp_I18-B7.csv,ID
ID3_S100_0,100,7,18,25,7.000000000000001,512.62,509.2798888885831,7,15.455623149871826,11.308998129945332,../work/dags/ID3_S100_0_dag.csv,../work/interventions/ID3_S100_0/comp_I18-B7.csv,ID
ID4_S100_0,100,7,18,26,7.0,415.86,413.0758333331111,7,11.34997010231018,10.60566972543009,../work/dags/ID4_S100_0_dag.csv,../work/interventions/ID4_S100_0/comp_I18-B7.csv,ID
ID1_S100_0,100,10,18,28,10.000000000000002,354.7,352.4256249998242,7,7.325196981430054,6.563639267610899,../work/dags/ID1_S100_0_dag.csv,../work/interventions/ID1_S100_0/comp_I18-B10.csv,ID
ID2_S100_0,100,10,18,28,9.999999999999996,311.64,310.2068666665292,7,6.056005954742432,8.7221483860739,../work/dags/ID2_S100_0_dag.csv,../work/interventions/ID2_S100_0/comp_I18-B10.csv,ID
ID3_S100_0,100,10,18,29,9.999999999999998,497.51,489.1501249996973,7,15.763147830963137,12.073820715292308,../work/dags/ID3_S100_0_dag.csv,../work/interventions/ID3_S100_0/comp_I18-B10.csv,ID
ID4_S100_0,100,10,18,29,10.0,405.79,399.5503333331147,7,11.979229927062988,9.81833503862087,../work/dags/ID4_S100_0_dag.csv,../work/interventions/ID4_S100_0/comp_I18-B10.csv,ID
ID1_S100_0,100,16,18,32,16.000000000000004,346.8,344.9042619045926,7,7.164245128631592,5.994806248990772,../work/dags/ID1_S100_0_dag.csv,../work/interventions/ID1_S100_0/comp_I18-B16.csv,ID
ID2_S100_0,100,16,18,29,16.000000000000007,306.28,305.3899999998667,7,4.898803949356079,5.297198732483545,../work/dags/ID2_S100_0_dag.csv,../work/interventions/ID2_S100_0/comp_I18-B16.csv,ID
ID3_S100_0,100,16,18,31,15.999999999999998,476.74,469.62349999971406,7,15.258052825927734,11.692511436686036,../work/dags/ID3_S100_0_dag.csv,../work/interventions/ID3_S100_0/comp_I18-B16.csv,ID
ID4_S100_0,100,16,18,32,16.0,388.83,386.8884880950315,7,14.469318151474,13.580718457000492,../work/dags/ID4_S100_0_dag.csv,../work/interventions/ID4_S100_0/comp_I18-B16.csv,ID
PH1_S100_0,100,1,1,2,1.0,5.84,7.093749999999878,6,26.23085713386536,16.484327375672045,../work/dags/PH1_S100_0_dag.csv,../work/interventions/PH1_S100_0/comp_I1-B1.csv,PH
PH2_S100_0,100,1,1,2,1.0,5.61,6.617896825396777,6,20.6392560005188,9.610833743964031,../work/dags/PH2_S100_0_dag.csv,../work/interventions/PH2_S100_0/comp_I1-B1.csv,PH
PH3_S100_0,100,1,1,4,1.0000000000000002,13.03,12.501181404379937,6,109.56893610954285,79.19107554761666,../work/dags/PH3_S100_0_dag.csv,../work/interventions/PH3_S100_0/comp_I1-B1.csv,PH
PH4_S100_0,100,1,1,4,1.0000000000000002,13.03,12.501181404379937,6,102.40110087394714,79.19107554761666,../work/dags/PH4_S100_0_dag.csv,../work/interventions/PH4_S100_0/comp_I1-B1.csv,PH
PH1_S100_0,100,3,1,4,3.0000000000000004,5.01,5.009999999999938,6,17.50254797935486,9.731161800424896,../work/dags/PH1_S100_0_dag.csv,../work/interventions/PH1_S100_0/comp_I1-B3.csv,PH
PH2_S100_0,100,3,1,4,3.0,5.02,5.009999999999938,6,12.972469091415403,6.826202881894799,../work/dags/PH2_S100_0_dag.csv,../work/interventions/PH2_S100_0/comp_I1-B3.csv,PH
PH3_S100_0,100,3,1,10,3.0000000000000004,5.16,5.210888888888825,6,86.81232190132141,60.13566349106622,../work/dags/PH3_S100_0_dag.csv,../work/interventions/PH3_S100_0/comp_I1-B3.csv,PH
PH4_S100_0,100,3,1,10,3.0000000000000004,5.16,5.210888888888825,6,89.13430190086365,60.13566349106622,../work/dags/PH4_S100_0_dag.csv,../work/interventions/PH4_S100_0/comp_I1-B3.csv,PH
PH1_S100_0,100,5,1,5,5.0,5.0,4.999999999999938,6,13.15544605255127,7.30494390268492,../work/dags/PH1_S100_0_dag.csv,../work/interventions/PH1_S100_0/comp_I1-B5.csv,PH
PH2_S100_0,100,5,1,4,4.0,5.0,4.999999999999938,6,7.851279020309448,4.413761985463808,../work/dags/PH2_S100_0_dag.csv,../work/interventions/PH2_S100_0/comp_I1-B5.csv,PH
PH3_S100_0,100,5,1,9,4.999999999999999,5.12,5.069999999999936,6,53.98393797874451,34.666086477558096,../work/dags/PH3_S100_0_dag.csv,../work/interventions/PH3_S100_0/comp_I1-B5.csv,PH
PH4_S100_0,100,5,1,9,4.999999999999999,5.12,5.069999999999936,6,47.367807149887085,34.666086477558096,../work/dags/PH4_S100_0_dag.csv,../work/interventions/PH4_S100_0/comp_I1-B5.csv,PH
PH1_S100_0,100,7,1,4,4.0,5.0,4.999999999999938,6,10.912864923477173,5.751351685113961,../work/dags/PH1_S100_0_dag.csv,../work/interventions/PH1_S100_0/comp_I1-B7.csv,PH
PH2_S100_0,100,7,1,7,7.0,5.0,4.999999999999938,6,6.168059825897217,3.3885004542350594,../work/dags/PH2_S100_0_dag.csv,../work/interventions/PH2_S100_0/comp_I1-B7.csv,PH
PH3_S100_0,100,7,1,9,7.0,5.03,5.02333333333327,6,43.27735900878906,26.686876589057324,../work/dags/PH3_S100_0_dag.csv,../work/interventions/PH3_S100_0/comp_I1-B7.csv,PH
PH4_S100_0,100,7,1,9,7.0,5.03,5.02333333333327,6,41.4285728931427,26.686876589057324,../work/dags/PH4_S100_0_dag.csv,../work/interventions/PH4_S100_0/comp_I1-B7.csv,PH
PH1_S100_0,100,9,1,9,9.0,5.0,4.999999999999938,6,12.197692155838013,5.535561118239753,../work/dags/PH1_S100_0_dag.csv,../work/interventions/PH1_S100_0/comp_I1-B9.csv,PH
PH2_S100_0,100,9,1,5,5.0,5.0,4.999999999999938,6,6.089619159698486,3.25712298617807,../work/dags/PH2_S100_0_dag.csv,../work/interventions/PH2_S100_0/comp_I1-B9.csv,PH
PH3_S100_0,100,9,1,9,9.0,5.0,4.999999999999938,6,31.79973292350769,21.376478560395377,../work/dags/PH3_S100_0_dag.csv,../work/interventions/PH3_S100_0/comp_I1-B9.csv,PH
PH4_S100_0,100,9,1,9,9.0,5.0,4.999999999999938,6,35.117563009262085,21.376478560395377,../work/dags/PH4_S100_0_dag.csv,../work/interventions/PH4_S100_0/comp_I1-B9.csv,PH
PH1_S100_0,100,1,3,4,1.0,14.58,17.2694805194803,6,7.220064878463745,5.032312396350632,../work/dags/PH1_S100_0_dag.csv,../work/interventions/PH1_S100_0/comp_I3-B1.csv,PH
PH2_S100_0,100,1,3,4,1.0,15.59,13.930922619047536,6,6.490381002426148,4.416208095614443,../work/dags/PH2_S100_0_dag.csv,../work/interventions/PH2_S100_0/comp_I3-B1.csv,PH
PH3_S100_0,100,1,3,4,1.0,33.31,32.216949206349824,6,16.087172985076904,9.98911071761638,../work/dags/PH3_S100_0_dag.csv,../work/interventions/PH3_S100_0/comp_I3-B1.csv,PH
PH4_S100_0,100,1,3,4,1.0,33.31,32.216949206349824,6,15.367626905441284,9.98911071761638,../work/dags/PH4_S100_0_dag.csv,../work/interventions/PH4_S100_0/comp_I3-B1.csv,PH
PH1_S100_0,100,3,3,11,3.0,10.5,10.57513739103257,6,4.892800807952881,9.07016144614262,../work/dags/PH1_S100_0_dag.csv,../work/interventions/PH1_S100_0/comp_I3-B3.csv,PH
PH2_S100_0,100,3,3,12,3.0,9.16,9.252276911976768,6,1.7704391479492188,2.3743054767936767,../work/dags/PH2_S100_0_dag.csv,../work/interventions/PH2_S100_0/comp_I3-B3.csv,PH
PH3_S100_0,100,3,3,11,3.000000000000001,11.92,12.406399134198937,6,14.836688041687012,34.377740491693736,../work/dags/PH3_S100_0_dag.csv,../work/interventions/PH3_S100_0/comp_I3-B3.csv,PH
PH4_S100_0,100,3,3,11,3.000000000000001,11.92,12.406399134198937,6,14.336565971374512,34.377740491693736,../work/dags/PH4_S100_0_dag.csv,../work/interventions/PH4_S100_0/comp_I3-B3.csv,PH
PH1_S100_0,100,5,3,12,5.0,10.06,10.091055555555387,6,2.915856122970581,3.239022727846475,../work/dags/PH1_S100_0_dag.csv,../work/interventions/PH1_S100_0/comp_I3-B5.csv,PH
PH2_S100_0,100,5,3,12,5.0,8.93,8.925857142856998,6,1.141308069229126,0.7533948051818798,../work/dags/PH2_S100_0_dag.csv,../work/interventions/PH2_S100_0/comp_I3-B5.csv,PH
PH3_S100_0,100,5,3,14,5.0,10.72,10.710999999999814,6,6.374157905578613,9.544878692813944,../work/dags/PH3_S100_0_dag.csv,../work/interventions/PH3_S100_0/comp_I3-B5.csv,PH
PH4_S100_0,100,5,3,14,5.0,10.72,10.710999999999814,6,6.579876899719238,9.544878692813944,../work/dags/PH4_S100_0_dag.csv,../work/interventions/PH4_S100_0/comp_I3-B5.csv,PH
PH1_S100_0,100,7,3,12,7.0,10.04,10.025333333333164,6,2.917000770568848,1.961795013713301,../work/dags/PH1_S100_0_dag.csv,../work/interventions/PH1_S100_0/comp_I3-B7.csv,PH
PH2_S100_0,100,7,3,12,7.0,8.9,8.892833333333188,6,0.9503300189971924,0.7163930665092213,../work/dags/PH2_S100_0_dag.csv,../work/interventions/PH2_S100_0/comp_I3-B7.csv,PH
PH3_S100_0,100,7,3,14,6.999999999999999,10.52,10.422999999999828,6,4.923254013061523,4.949598808842838,../work/dags/PH3_S100_0_dag.csv,../work/interventions/PH3_S100_0/comp_I3-B7.csv,PH
PH4_S100_0,100,7,3,14,6.999999999999999,10.52,10.422999999999828,6,5.58110499382019,4.949598808842838,../work/dags/PH4_S100_0_dag.csv,../work/interventions/PH4_S100_0/comp_I3-B7.csv,PH
PH1_S100_0,100,9,3,12,8.666666666666666,10.01,10.009999999999833,6,2.365529060363769,1.8762831265089104,../work/dags/PH1_S100_0_dag.csv,../work/interventions/PH1_S100_0/comp_I3-B9.csv,PH
PH2_S100_0,100,9,3,12,8.283333333333333,8.88,8.879999999999855,6,0.9455678462982178,0.6760882480250221,../work/dags/PH2_S100_0_dag.csv,../work/interventions/PH2_S100_0/comp_I3-B9.csv,PH
PH3_S100_0,100,9,3,13,9.0,10.35,10.336999999999824,6,5.140008926391602,3.905260654103491,../work/dags/PH3_S100_0_dag.csv,../work/interventions/PH3_S100_0/comp_I3-B9.csv,PH
PH4_S100_0,100,9,3,13,9.0,10.35,10.336999999999824,6,4.990325212478638,3.905260654103491,../work/dags/PH4_S100_0_dag.csv,../work/interventions/PH4_S100_0/comp_I3-B9.csv,PH
PH1_S100_0,100,1,6,4,1.0,29.8,27.03470238095352,6,3.8082008361816406,3.074560148507125,../work/dags/PH1_S100_0_dag.csv,../work/interventions/PH1_S100_0/comp_I6-B1.csv,PH
PH2_S100_0,100,1,6,4,1.0,23.4,20.94893772893808,6,3.200847864151001,2.4623863937406654,../work/dags/PH2_S100_0_dag.csv,../work/interventions/PH2_S100_0/comp_I6-B1.csv,PH
PH3_S100_0,100,1,6,6,1.0000000000000002,48.58,45.029503968254176,6,16.035337924957275,10.583657909323565,../work/dags/PH3_S100_0_dag.csv,../work/interventions/PH3_S100_0/comp_I6-B1.csv,PH
PH4_S100_0,100,1,6,6,1.0000000000000002,48.58,45.029503968254176,6,16.9014310836792,10.583657909323565,../work/dags/PH4_S100_0_dag.csv,../work/interventions/PH4_S100_0/comp_I6-B1.csv,PH
PH1_S100_0,100,3,6,12,3.0,19.99,20.085983360389964,6,4.513154983520508,3.1703251801264005,../work/dags/PH1_S100_0_dag.csv,../work/interventions/PH1_S100_0/comp_I6-B3.csv,PH
PH2_S100_0,100,3,6,11,3.000000000000001,15.06,15.13522912087886,6,2.71854019165039,3.8942063665818254,../work/dags/PH2_S100_0_dag.csv,../work/interventions/PH2_S100_0/comp_I6-B3.csv,PH
PH3_S100_0,100,3,6,13,3.0,24.58,25.483864370749167,6,18.701637983322144,11.840628980847988,../work/dags/PH3_S100_0_dag.csv,../work/interventions/PH3_S100_0/comp_I6-B3.csv,PH
PH4_S100_0,100,3,6,13,3.0,24.58,25.483864370749167,6,20.13205885887146,11.840628980847988,../work/dags/PH4_S100_0_dag.csv,../work/interventions/PH4_S100_0/comp_I6-B3.csv,PH
PH1_S100_0,100,5,6,13,5.000000000000001,18.95,18.955629629629804,6,2.605592966079712,1.848073175345924,../work/dags/PH1_S100_0_dag.csv,../work/interventions/PH1_S100_0/comp_I6-B5.csv,PH
PH2_S100_0,100,5,6,13,4.999999999999999,14.46,14.453166666666409,6,1.5231828689575195,1.187314797726973,../work/dags/PH2_S100_0_dag.csv,../work/interventions/PH2_S100_0/comp_I6-B5.csv,PH
PH3_S100_0,100,5,6,16,5.0,21.3,21.218809523810048,6,8.283293962478638,12.107729539759651,../work/dags/PH3_S100_0_dag.csv,../work/interventions/PH3_S100_0/comp_I6-B5.csv,PH
PH4_S100_0,100,5,6,16,5.0,21.3,21.218809523810048,6,8.119457006454468,12.107729539759651,../work/dags/PH4_S100_0_dag.csv,../work/interventions/PH4_S100_0/comp_I6-B5.csv,PH
PH1_S100_0,100,7,6,13,7.0,18.64,18.666666666666792,6,2.4125800132751465,1.650602187824714,../work/dags/PH1_S100_0_dag.csv,../work/interventions/PH1_S100_0/comp_I6-B7.csv,PH
PH2_S100_0,100,7,6,14,7.0,14.31,14.302999999999738,6,1.697178840637207,1.1726776360376594,../work/dags/PH2_S100_0_dag.csv,../work/interventions/PH2_S100_0/comp_I6-B7.csv,PH
PH3_S100_0,100,7,6,16,7.000000000000001,20.41,20.19816666666702,6,6.547235012054443,7.727814472522517,../work/dags/PH3_S100_0_dag.csv,../work/interventions/PH3_S100_0/comp_I6-B7.csv,PH
PH4_S100_0,100,7,6,16,7.000000000000001,20.41,20.19816666666702,6,6.544643878936768,7.727814472522517,../work/dags/PH4_S100_0_dag.csv,../work/interventions/PH4_S100_0/comp_I6-B7.csv,PH
PH1_S100_0,100,9,6,14,9.0,18.56,18.565111111111214,6,2.2495241165161133,1.6439638578847884,../work/dags/PH1_S100_0_dag.csv,../work/interventions/PH1_S100_0/comp_I6-B9.csv,PH
PH2_S100_0,100,9,6,13,8.999999999999998,14.25,14.248666666666407,6,1.5099740028381348,1.1832778450891168,../work/dags/PH2_S100_0_dag.csv,../work/interventions/PH2_S100_0/comp_I6-B9.csv,PH
PH3_S100_0,100,9,6,15,9.0,19.92,19.748888888889194,6,5.604485988616943,5.824298000073059,../work/dags/PH3_S100_0_dag.csv,../work/interventions/PH3_S100_0/comp_I6-B9.csv,PH
PH4_S100_0,100,9,6,15,9.0,19.92,19.748888888889194,6,6.032785892486572,5.824298000073059,../work/dags/PH4_S100_0_dag.csv,../work/interventions/PH4_S100_0/comp_I6-B9.csv,PH
PH1_S100_0,100,1,12,6,1.0,44.73,44.715497835497374,6,2.95222806930542,2.298729036070172,../work/dags/PH1_S100_0_dag.csv,../work/interventions/PH1_S100_0/comp_I12-B1.csv,PH
PH2_S100_0,100,1,12,6,1.0000000000000002,37.84,37.46050000000093,6,2.197373151779175,1.7023045488851964,../work/dags/PH2_S100_0_dag.csv,../work/interventions/PH2_S100_0/comp_I12-B1.csv,PH
PH3_S100_0,100,1,12,6,0.9999999999999998,82.17,83.23959722222662,6,10.432251930236816,7.755546767743485,../work/dags/PH3_S100_0_dag.csv,../work/interventions/PH3_S100_0/comp_I12-B1.csv,PH
PH4_S100_0,100,1,12,6,0.9999999999999998,82.17,83.23959722222662,6,12.623773097991943,7.755546767743485,../work/dags/PH4_S100_0_dag.csv,../work/interventions/PH4_S100_0/comp_I12-B1.csv,PH
PH1_S100_0,100,3,12,13,3.0,35.89,35.63358256693371,6,2.567512989044189,1.6915902831750147,../work/dags/PH1_S100_0_dag.csv,../work/interventions/PH1_S100_0/comp_I12-B3.csv,PH
PH2_S100_0,100,3,12,15,3.0,30.77,30.71230158730352,6,1.8125598430633545,1.4364973362057074,../work/dags/PH2_S100_0_dag.csv,../work/interventions/PH2_S100_0/comp_I12-B3.csv,PH
PH3_S100_0,100,3,12,15,3.0000000000000013,51.59,52.50159722222099,6,6.428731203079224,4.529244389177069,../work/dags/PH3_S100_0_dag.csv,../work/interventions/PH3_S100_0/comp_I12-B3.csv,PH
PH4_S100_0,100,3,12,15,3.0000000000000013,51.59,52.50159722222099,6,6.459028959274292,4.529244389177069,../work/dags/PH4_S100_0_dag.csv,../work/interventions/PH4_S100_0/comp_I12-B3.csv,PH
PH1_S100_0,100,5,12,16,5.000000000000001,32.73,33.21544444444633,6,2.041149139404297,2.2029449077582237,../work/dags/PH1_S100_0_dag.csv,../work/interventions/PH1_S100_0/comp_I12-B5.csv,PH
PH2_S100_0,100,5,12,16,5.0,29.3,29.16437500000168,6,1.2021369934082031,1.3148611941813104,../work/dags/PH2_S100_0_dag.csv,../work/interventions/PH2_S100_0/comp_I12-B5.csv,PH
PH3_S100_0,100,5,12,16,5.0,47.16,46.37758333333291,6,6.499733924865723,5.157027029939368,../work/dags/PH3_S100_0_dag.csv,../work/interventions/PH3_S100_0/comp_I12-B5.csv,PH
PH4_S100_0,100,5,12,16,5.0,47.16,46.37758333333291,6,6.352373838424683,5.157027029939368,../work/dags/PH4_S100_0_dag.csv,../work/interventions/PH4_S100_0/comp_I12-B5.csv,PH
PH1_S100_0,100,7,12,16,6.999999999999999,32.33,32.124362745100186,6,1.5882391929626465,1.5604768926742405,../work/dags/PH1_S100_0_dag.csv,../work/interventions/PH1_S100_0/comp_I12-B7.csv,PH
PH2_S100_0,100,7,12,16,6.999999999999998,28.79,28.573333333334972,6,1.0284409523010254,1.0807938373919077,../work/dags/PH2_S100_0_dag.csv,../work/interventions/PH2_S100_0/comp_I12-B7.csv,PH
PH3_S100_0,100,7,12,16,7.000000000000001,45.47,44.03250000000012,6,4.677878856658936,5.374059743164878,../work/dags/PH3_S100_0_dag.csv,../work/interventions/PH3_S100_0/comp_I12-B7.csv,PH
PH4_S100_0,100,7,12,16,7.000000000000001,45.47,44.03250000000012,6,4.786494970321655,5.374059743164878,../work/dags/PH4_S100_0_dag.csv,../work/interventions/PH4_S100_0/comp_I12-B7.csv,PH
PH1_S100_0,100,9,12,15,9.0,31.86,31.741666666668824,6,1.587594985961914,1.0542643797811868,../work/dags/PH1_S100_0_dag.csv,../work/interventions/PH1_S100_0/comp_I12-B9.csv,PH
PH2_S100_0,100,9,12,15,9.0,28.46,28.28250000000161,6,0.9451169967651368,0.8679452919268308,../work/dags/PH2_S100_0_dag.csv,../work/interventions/PH2_S100_0/comp_I12-B9.csv,PH
PH3_S100_0,100,9,12,16,9.0,43.72,42.6733333333336,6,4.058431148529053,4.66596960839712,../work/dags/PH3_S100_0_dag.csv,../work/interventions/PH3_S100_0/comp_I12-B9.csv,PH
PH4_S100_0,100,9,12,16,9.0,43.72,42.6733333333336,6,4.510159015655518,4.66596960839712,../work/dags/PH4_S100_0_dag.csv,../work/interventions/PH4_S100_0/comp_I12-B9.csv,PH
PH1_S100_0,100,1,18,4,1.0,61.53,60.58999999999672,6,2.3423449993133545,1.753421700827836,../work/dags/PH1_S100_0_dag.csv,../work/interventions/PH1_S100_0/comp_I18-B1.csv,PH
PH2_S100_0,100,1,18,4,1.0,50.15,48.63337499999934,6,1.3782188892364502,0.967909768280648,../work/dags/PH2_S100_0_dag.csv,../work/interventions/PH2_S100_0/comp_I18-B1.csv,PH
PH3_S100_0,100,1,18,3,1.0,127.84,124.3700000000178,6,6.18363094329834,4.28602860704777,../work/dags/PH3_S100_0_dag.csv,../work/interventions/PH3_S100_0/comp_I18-B1.csv,PH
PH4_S100_0,100,1,18,3,1.0,127.84,124.3700000000178,6,5.430576086044312,4.28602860704777,../work/dags/PH4_S100_0_dag.csv,../work/interventions/PH4_S100_0/comp_I18-B1.csv,PH
PH1_S100_0,100,3,18,10,3.0,48.8,49.65699999999866,6,1.651282787322998,1.3268806677796685,../work/dags/PH1_S100_0_dag.csv,../work/interventions/PH1_S100_0/comp_I18-B3.csv,PH
PH2_S100_0,100,3,18,11,3.000000000000001,40.59,40.62266666666716,6,0.8980162143707275,0.7892038519795235,../work/dags/PH2_S100_0_dag.csv,../work/interventions/PH2_S100_0/comp_I18-B3.csv,PH
PH3_S100_0,100,3,18,12,3.0,90.4,90.7700000000046,6,3.9676930904388423,3.5694910273216536,../work/dags/PH3_S100_0_dag.csv,../work/interventions/PH3_S100_0/comp_I18-B3.csv,PH
PH4_S100_0,100,3,18,12,3.0,90.4,90.7700000000046,6,4.105536222457886,3.5694910273216536,../work/dags/PH4_S100_0_dag.csv,../work/interventions/PH4_S100_0/comp_I18-B3.csv,PH
PH1_S100_0,100,5,18,16,5.0,44.88,45.04821428571371,6,1.428873062133789,1.227146857162591,../work/dags/PH1_S100_0_dag.csv,../work/interventions/PH1_S100_0/comp_I18-B5.csv,PH
PH2_S100_0,100,5,18,15,5.0,37.41,37.60108333333432,6,0.795583963394165,0.6918517730182574,../work/dags/PH2_S100_0_dag.csv,../work/interventions/PH2_S100_0/comp_I18-B5.csv,PH
PH3_S100_0,100,5,18,15,5.0,75.88,76.98599999999972,6,3.554123878479004,2.6965523270008616,../work/dags/PH3_S100_0_dag.csv,../work/interventions/PH3_S100_0/comp_I18-B5.csv,PH
PH4_S100_0,100,5,18,15,5.0,75.88,76.98599999999972,6,3.3872621059417725,2.6965523270008616,../work/dags/PH4_S100_0_dag.csv,../work/interventions/PH4_S100_0/comp_I18-B5.csv,PH
PH1_S100_0,100,7,18,16,7.0,43.45,42.97649999999993,6,1.6591379642486572,1.2478143102722747,../work/dags/PH1_S100_0_dag.csv,../work/interventions/PH1_S100_0/comp_I18-B7.csv,PH
PH2_S100_0,100,7,18,16,7.000000000000001,36.81,36.36750000000124,6,0.92461895942688,0.9773377931701276,../work/dags/PH2_S100_0_dag.csv,../work/interventions/PH2_S100_0/comp_I18-B7.csv,PH
PH3_S100_0,100,7,18,16,7.0,72.51,70.68666666666554,6,2.9287960529327397,2.1882465731974245,../work/dags/PH3_S100_0_dag.csv,../work/interventions/PH3_S100_0/comp_I18-B7.csv,PH
PH4_S100_0,100,7,18,16,7.0,72.51,70.68666666666554,6,3.008589029312134,2.1882465731974245,../work/dags/PH4_S100_0_dag.csv,../work/interventions/PH4_S100_0/comp_I18-B7.csv,PH
PH1_S100_0,100,9,18,16,9.000000000000002,42.51,41.97250000000018,6,1.2865149974822998,1.31760419327499,../work/dags/PH1_S100_0_dag.csv,../work/interventions/PH1_S100_0/comp_I18-B9.csv,PH
PH2_S100_0,100,9,18,16,9.0,36.1,35.76166666666807,6,0.7110168933868408,0.7129177016430756,../work/dags/PH2_S100_0_dag.csv,../work/interventions/PH2_S100_0/comp_I18-B9.csv,PH
PH3_S100_0,100,9,18,16,9.0,71.76,68.11499999999857,6,2.6286489963531494,2.5472426546665536,../work/dags/PH3_S100_0_dag.csv,../work/interventions/PH3_S100_0/comp_I18-B9.csv,PH
PH4_S100_0,100,9,18,16,9.0,71.76,68.11499999999857,6,2.609783887863159,2.5472426546665536,../work/dags/PH4_S100_0_dag.csv,../work/interventions/PH4_S100_0/comp_I18-B9.csv,PH
TH1_S100_0,100,1,1,2,1.0,33.0,34.718033088237064,5,293.2023961544037,237.0206461893688,../work/dags/TH1_S100_0_dag.csv,../work/interventions/TH1_S100_0/comp_I1-B1.csv,TH
TH2_S100_0,100,1,1,2,1.0,29.19,30.189406250002087,5,201.5717840194702,136.7990646456415,../work/dags/TH2_S100_0_dag.csv,../work/interventions/TH2_S100_0/comp_I1-B1.csv,TH
TH3_S100_0,100,1,1,4,1.0,34.15,37.799000000000994,5,379.85395884513855,332.083624787865,../work/dags/TH3_S100_0_dag.csv,../work/interventions/TH3_S100_0/comp_I1-B1.csv,TH
TH4_S100_0,100,1,1,2,1.0,29.87,32.60266666666823,4,249.4187400341034,221.06779533653128,../work/dags/TH4_S100_0_dag.csv,../work/interventions/TH4_S100_0/comp_I1-B1.csv,TH
TH1_S100_0,100,2,1,4,2.0,32.15,32.07992424242643,5,108.0611011981964,84.20485922225653,../work/dags/TH1_S100_0_dag.csv,../work/interventions/TH1_S100_0/comp_I1-B2.csv,TH
TH2_S100_0,100,2,1,4,2.0,28.6,28.523333333334985,5,60.46257901191712,41.54099168653087,../work/dags/TH2_S100_0_dag.csv,../work/interventions/TH2_S100_0/comp_I1-B2.csv,TH
TH3_S100_0,100,2,1,4,2.0,33.12,32.90058823529612,5,404.73906207084656,353.1858900650014,../work/dags/TH3_S100_0_dag.csv,../work/interventions/TH3_S100_0/comp_I1-B2.csv,TH
TH4_S100_0,100,2,1,4,2.0,29.53,29.17729411764876,4,205.52142214775083,162.1846131996028,../work/dags/TH4_S100_0_dag.csv,../work/interventions/TH4_S100_0/comp_I1-B2.csv,TH
TH1_S100_0,100,3,1,4,3.0,31.96,31.977727272729474,5,154.56683802604675,84.4973408498372,../work/dags/TH1_S100_0_dag.csv,../work/interventions/TH1_S100_0/comp_I1-B3.csv,TH
TH2_S100_0,100,3,1,4,3.0,28.41,28.42400000000164,5,82.49132490158081,47.42977715077442,../work/dags/TH2_S100_0_dag.csv,../work/interventions/TH2_S100_0/comp_I1-B3.csv,TH
TH3_S100_0,100,3,1,4,3.0,32.56,32.3208333333354,5,563.2913539409637,445.90271796491857,../work/dags/TH3_S100_0_dag.csv,../work/interventions/TH3_S100_0/comp_I1-B3.csv,TH
TH4_S100_0,100,3,1,4,3.0,28.66,28.726666666668358,4,252.3916339874268,188.6455140593181,../work/dags/TH4_S100_0_dag.csv,../work/interventions/TH4_S100_0/comp_I1-B3.csv,TH
TH1_S100_0,100,4,1,5,4.0,31.94,31.940000000002197,5,100.12920594215392,74.0804269973325,../work/dags/TH1_S100_0_dag.csv,../work/interventions/TH1_S100_0/comp_I1-B4.csv,TH
TH2_S100_0,100,4,1,5,4.0,28.39,28.39000000000164,5,53.72971701622009,35.544510380537446,../work/dags/TH2_S100_0_dag.csv,../work/interventions/TH2_S100_0/comp_I1-B4.csv,TH
TH3_S100_0,100,4,1,5,4.0,32.0,32.01666666666885,5,554.2843811511993,328.0887893357028,../work/dags/TH3_S100_0_dag.csv,../work/interventions/TH3_S100_0/comp_I1-B4.csv,TH
TH4_S100_0,100,4,1,5,4.0,28.44,28.466666666668303,4,257.83034491539,176.9781479125722,../work/dags/TH4_S100_0_dag.csv,../work/interventions/TH4_S100_0/comp_I1-B4.csv,TH
TH1_S100_0,100,1,3,2,1.0,38.93,41.54465811965871,5,42.00862503051758,25.537353400957883,../work/dags/TH1_S100_0_dag.csv,../work/interventions/TH1_S100_0/comp_I3-B1.csv,TH
TH2_S100_0,100,1,3,2,1.0,33.6,35.376605616606625,5,32.3833281993866,19.24092000407619,../work/dags/TH2_S100_0_dag.csv,../work/interventions/TH2_S100_0/comp_I3-B1.csv,TH
TH3_S100_0,100,1,3,4,1.0,50.64,48.52972222222133,5,47.01199984550476,30.26173857149072,../work/dags/TH3_S100_0_dag.csv,../work/interventions/TH3_S100_0/comp_I3-B1.csv,TH
TH4_S100_0,100,1,3,3,1.0000000000000002,35.68,40.01285714285783,4,34.557063817977905,21.696122765392563,../work/dags/TH4_S100_0_dag.csv,../work/interventions/TH4_S100_0/comp_I3-B1.csv,TH
TH1_S100_0,100,2,3,4,2.0,37.63,37.64290476190581,5,26.443493843078613,16.56322115610785,../work/dags/TH1_S100_0_dag.csv,../work/interventions/TH1_S100_0/comp_I3-B2.csv,TH
TH2_S100_0,100,2,3,4,2.0,32.78,32.768333333335384,5,18.95116400718689,11.424998728302656,../work/dags/TH2_S100_0_dag.csv,../work/interventions/TH2_S100_0/comp_I3-B2.csv,TH
TH3_S100_0,100,2,3,4,2.0,40.25,39.96634210526358,5,68.38798880577087,39.238985184882914,../work/dags/TH3_S100_0_dag.csv,../work/interventions/TH3_S100_0/comp_I3-B2.csv,TH
TH4_S100_0,100,2,3,4,2.0,34.39,34.39000000000173,4,35.47359013557434,20.01275063558366,../work/dags/TH4_S100_0_dag.csv,../work/interventions/TH4_S100_0/comp_I3-B2.csv,TH
TH1_S100_0,100,3,3,5,3.0,37.45,37.438333333334455,5,27.404371976852417,17.871308056220567,../work/dags/TH1_S100_0_dag.csv,../work/interventions/TH1_S100_0/comp_I3-B3.csv,TH
TH2_S100_0,100,3,3,5,3.0000000000000004,32.67,32.6558333333354,5,21.505854845047,12.451741004339995,../work/dags/TH2_S100_0_dag.csv,../work/interventions/TH2_S100_0/comp_I3-B3.csv,TH
TH3_S100_0,100,3,3,5,3.0,39.12,38.95100000000082,5,59.31287908554077,30.52971758097896,../work/dags/TH3_S100_0_dag.csv,../work/interventions/TH3_S100_0/comp_I3-B3.csv,TH
TH4_S100_0,100,3,3,5,3.0000000000000004,34.04,33.96200000000181,4,41.650521993637085,24.14149514634488,../work/dags/TH4_S100_0_dag.csv,../work/interventions/TH4_S100_0/comp_I3-B3.csv,TH
TH1_S100_0,100,4,3,5,4.0,37.42,37.40500000000113,5,23.74313187599182,15.100147344176206,../work/dags/TH1_S100_0_dag.csv,../work/interventions/TH1_S100_0/comp_I3-B4.csv,TH
TH2_S100_0,100,4,3,5,4.0,32.64,32.625000000002075,5,19.181257963180546,11.17313797044591,../work/dags/TH2_S100_0_dag.csv,../work/interventions/TH2_S100_0/comp_I3-B4.csv,TH
TH3_S100_0,100,4,3,5,4.0,38.61,38.64000000000088,5,40.47811603546143,27.3499278133655,../work/dags/TH3_S100_0_dag.csv,../work/interventions/TH3_S100_0/comp_I3-B4.csv,TH
TH4_S100_0,100,4,3,5,4.0,33.87,33.82500000000184,4,29.79917597770691,17.163989302916733,../work/dags/TH4_S100_0_dag.csv,../work/interventions/TH4_S100_0/comp_I3-B4.csv,TH
TH1_S100_0,100,1,6,4,1.0,69.62,65.38749999999774,5,30.16567707061768,17.519591030359116,../work/dags/TH1_S100_0_dag.csv,../work/interventions/TH1_S100_0/comp_I6-B1.csv,TH
TH2_S100_0,100,1,6,3,1.0,45.6,50.85874999999904,5,18.900896787643436,11.562370828379349,../work/dags/TH2_S100_0_dag.csv,../work/interventions/TH2_S100_0/comp_I6-B1.csv,TH
TH3_S100_0,100,1,6,4,1.0,101.91,96.77050179211508,5,120.3360149860382,32.99357173892625,../work/dags/TH3_S100_0_dag.csv,../work/interventions/TH3_S100_0/comp_I6-B1.csv,TH
TH4_S100_0,100,1,6,3,1.0,72.37,70.86674999999858,4,30.407330989837646,19.91686201312421,../work/dags/TH4_S100_0_dag.csv,../work/interventions/TH4_S100_0/comp_I6-B1.csv,TH
TH1_S100_0,100,2,6,4,2.0,53.85,52.437499999998494,5,27.00420904159546,54.19997164612811,../work/dags/TH1_S100_0_dag.csv,../work/interventions/TH1_S100_0/comp_I6-B2.csv,TH
TH2_S100_0,100,2,6,4,2.0,43.75,42.933571428571526,5,14.012350797653198,20.157265355347025,../work/dags/TH2_S100_0_dag.csv,../work/interventions/TH2_S100_0/comp_I6-B2.csv,TH
TH3_S100_0,100,2,6,5,2.0,69.49,67.07624999999769,5,37.88876104354858,76.34890470996348,../work/dags/TH3_S100_0_dag.csv,../work/interventions/TH3_S100_0/comp_I6-B2.csv,TH
TH4_S100_0,100,2,6,4,2.0,54.55,53.109499999999294,4,34.63521909713745,63.26296570879027,../work/dags/TH4_S100_0_dag.csv,../work/interventions/TH4_S100_0/comp_I6-B2.csv,TH
TH1_S100_0,100,3,6,5,3.0,49.76,49.43166666666552,5,11.446461915969849,12.272748947315833,../work/dags/TH1_S100_0_dag.csv,../work/interventions/TH1_S100_0/comp_I6-B3.csv,TH
TH2_S100_0,100,3,6,5,3.0,41.72,41.40000000000035,5,9.573653936386108,7.165001570873077,../work/dags/TH2_S100_0_dag.csv,../work/interventions/TH2_S100_0/comp_I6-B3.csv,TH
TH3_S100_0,100,3,6,5,3.0,60.36,59.109999999997285,5,28.786993980407715,48.87391980805026,../work/dags/TH3_S100_0_dag.csv,../work/interventions/TH3_S100_0/comp_I6-B3.csv,TH
TH4_S100_0,100,3,6,5,3.0000000000000004,49.28,48.22499999999919,4,16.909876108169556,18.60546938326576,../work/dags/TH4_S100_0_dag.csv,../work/interventions/TH4_S100_0/comp_I6-B3.csv,TH
TH1_S100_0,100,4,6,5,4.0,48.49,48.55333333333225,5,11.820153951644896,7.963933872580768,../work/dags/TH1_S100_0_dag.csv,../work/interventions/TH1_S100_0/comp_I6-B4.csv,TH
TH2_S100_0,100,4,6,5,4.0,40.85,40.88333333333377,5,8.513507843017578,6.25024978088641,../work/dags/TH2_S100_0_dag.csv,../work/interventions/TH2_S100_0/comp_I6-B4.csv,TH
TH3_S100_0,100,4,6,5,4.0,55.92,56.09666666666405,5,18.225085020065308,14.622190471474028,../work/dags/TH3_S100_0_dag.csv,../work/interventions/TH3_S100_0/comp_I6-B4.csv,TH
TH4_S100_0,100,4,6,5,4.0,47.06,46.394999999999406,4,12.774068117141724,8.99849567615323,../work/dags/TH4_S100_0_dag.csv,../work/interventions/TH4_S100_0/comp_I6-B4.csv,TH
TH1_S100_0,100,1,12,4,1.0,160.01,156.75299567099464,5,19.11307406425476,42.001654617655824,../work/dags/TH1_S100_0_dag.csv,../work/interventions/TH1_S100_0/comp_I12-B1.csv,TH
TH2_S100_0,100,1,12,4,1.0,122.47,121.26750000001444,5,8.55520486831665,8.416016135127377,../work/dags/TH2_S100_0_dag.csv,../work/interventions/TH2_S100_0/comp_I12-B1.csv,TH
TH3_S100_0,100,1,12,5,1.0,219.53,216.7916666666165,5,10.868303060531616,9.641611451218656,../work/dags/TH3_S100_0_dag.csv,../work/interventions/TH3_S100_0/comp_I12-B1.csv,TH
TH4_S100_0,100,1,12,4,1.0,178.76,176.1642619047432,4,8.945280075073242,7.629587464836335,../work/dags/TH4_S100_0_dag.csv,../work/interventions/TH4_S100_0/comp_I12-B1.csv,TH
TH1_S100_0,100,2,12,5,2.0,146.03,137.38928571430026,5,11.058007955551147,18.05787092825973,../work/dags/TH1_S100_0_dag.csv,../work/interventions/TH1_S100_0/comp_I12-B2.csv,TH
TH2_S100_0,100,2,12,5,2.0,108.67,108.2445833333476,5,9.020877838134766,7.720948842035141,../work/dags/TH2_S100_0_dag.csv,../work/interventions/TH2_S100_0/comp_I12-B2.csv,TH
TH3_S100_0,100,2,12,5,2.0,209.55,199.9883333332907,5,10.926731824874878,15.164014864955536,../work/dags/TH3_S100_0_dag.csv,../work/interventions/TH3_S100_0/comp_I12-B2.csv,TH
TH4_S100_0,100,2,12,5,2.0,169.36,162.446666666659,4,10.011703968048096,12.128502242186329,../work/dags/TH4_S100_0_dag.csv,../work/interventions/TH4_S100_0/comp_I12-B2.csv,TH
TH1_S100_0,100,3,12,5,3.0,131.12,129.78166666669046,5,14.244362115859984,11.000597333727814,../work/dags/TH1_S100_0_dag.csv,../work/interventions/TH1_S100_0/comp_I12-B3.csv,TH
TH2_S100_0,100,3,12,5,3.0,104.37,103.59833333334826,5,13.388370037078856,14.04713775879357,../work/dags/TH2_S100_0_dag.csv,../work/interventions/TH2_S100_0/comp_I12-B3.csv,TH
TH3_S100_0,100,3,12,5,3.0,195.38,192.5774999999667,5,12.989595174789429,9.50386966990258,../work/dags/TH3_S100_0_dag.csv,../work/interventions/TH3_S100_0/comp_I12-B3.csv,TH
TH4_S100_0,100,3,12,5,3.0,159.29,157.04500000000056,4,15.74969482421875,26.629065700491974,../work/dags/TH4_S100_0_dag.csv,../work/interventions/TH4_S100_0/comp_I12-B3.csv,TH
TH1_S100_0,100,4,12,5,4.0,125.36,126.18333333335978,5,12.442116022109984,8.110899287173789,../work/dags/TH1_S100_0_dag.csv,../work/interventions/TH1_S100_0/comp_I12-B4.csv,TH
TH2_S100_0,100,4,12,5,4.0,101.2,101.5933333333478,5,7.439044952392578,9.426571775163,../work/dags/TH2_S100_0_dag.csv,../work/interventions/TH2_S100_0/comp_I12-B4.csv,TH
TH3_S100_0,100,4,12,5,4.0,189.0,187.1499999999741,5,11.633923053741457,10.248048482722751,../work/dags/TH3_S100_0_dag.csv,../work/interventions/TH3_S100_0/comp_I12-B4.csv,TH
TH4_S100_0,100,4,12,5,4.0,154.58,153.28000000000495,4,9.69393014907837,7.836057544643199,../work/dags/TH4_S100_0_dag.csv,../work/interventions/TH4_S100_0/comp_I12-B4.csv,TH
TH1_S100_0,100,1,18,4,1.0,218.68,216.04433333328183,5,4.338891983032227,3.572107941424344,../work/dags/TH1_S100_0_dag.csv,../work/interventions/TH1_S100_0/comp_I18-B1.csv,TH
TH2_S100_0,100,1,18,4,1.0,177.5,175.181666666645,5,3.285676956176758,3.20008806495886,../work/dags/TH2_S100_0_dag.csv,../work/interventions/TH2_S100_0/comp_I18-B1.csv,TH
TH3_S100_0,100,1,18,3,1.0,271.88,267.7274999998998,5,14.769740104675291,49.27635982282042,../work/dags/TH3_S100_0_dag.csv,../work/interventions/TH3_S100_0/comp_I18-B1.csv,TH
TH4_S100_0,100,1,18,4,1.0,227.5,226.60499999993544,4,3.610653162002564,3.9428537067548577,../work/dags/TH4_S100_0_dag.csv,../work/interventions/TH4_S100_0/comp_I18-B1.csv,TH
TH1_S100_0,100,2,18,5,2.0,203.75,204.62333333328775,5,3.554242849349976,3.297084281518813,../work/dags/TH1_S100_0_dag.csv,../work/interventions/TH1_S100_0/comp_I18-B2.csv,TH
TH2_S100_0,100,2,18,5,2.0,168.39,163.24733333332756,5,3.0160090923309326,2.820042710009376,../work/dags/TH2_S100_0_dag.csv,../work/interventions/TH2_S100_0/comp_I18-B2.csv,TH
TH3_S100_0,100,2,18,4,2.0,262.11,261.2633333332394,5,3.791949987411499,3.409085593935628,../work/dags/TH3_S100_0_dag.csv,../work/interventions/TH3_S100_0/comp_I18-B2.csv,TH
TH4_S100_0,100,2,18,5,2.0,219.3,218.0191666666108,4,3.5237579345703125,3.401021861564346,../work/dags/TH4_S100_0_dag.csv,../work/interventions/TH4_S100_0/comp_I18-B2.csv,TH
TH1_S100_0,100,3,18,5,3.0,203.75,199.40999999996188,5,3.707465887069702,3.440207505401589,../work/dags/TH1_S100_0_dag.csv,../work/interventions/TH1_S100_0/comp_I18-B3.csv,TH
TH2_S100_0,100,3,18,5,3.0000000000000004,160.45,158.57333333333156,5,3.1101949214935303,2.751665331019586,../work/dags/TH2_S100_0_dag.csv,../work/interventions/TH2_S100_0/comp_I18-B3.csv,TH
TH3_S100_0,100,3,18,5,3.0,258.44,258.2183333332429,5,6.365624189376831,14.227886567587456,../work/dags/TH3_S100_0_dag.csv,../work/interventions/TH3_S100_0/comp_I18-B3.csv,TH
TH4_S100_0,100,3,18,5,3.0,214.18,213.79666666661615,4,3.499616861343384,2.993802732147165,../work/dags/TH4_S100_0_dag.csv,../work/interventions/TH4_S100_0/comp_I18-B3.csv,TH
TH1_S100_0,100,4,18,5,4.0,198.29,196.67999999996536,5,3.4527528285980225,3.3698151431455665,../work/dags/TH1_S100_0_dag.csv,../work/interventions/TH1_S100_0/comp_I18-B4.csv,TH
TH2_S100_0,100,4,18,5,4.0,154.81,155.39333333333587,5,3.0736401081085205,2.565429696737008,../work/dags/TH2_S100_0_dag.csv,../work/interventions/TH2_S100_0/comp_I18-B4.csv,TH
TH3_S100_0,100,4,18,5,4.0,257.56,256.91499999991123,5,3.329401016235352,2.9145454879237933,../work/dags/TH3_S100_0_dag.csv,../work/interventions/TH3_S100_0/comp_I18-B4.csv,TH
TH4_S100_0,100,4,18,5,4.0,212.95,211.919999999952,4,2.989638090133667,2.931583280066013,../work/dags/TH4_S100_0_dag.csv,../work/interventions/TH4_S100_0/comp_I18-B4.csv,TH
VN1_S100_0,100,1,1,4,1.0,71.95,70.63535714285578,6,162.84746193885803,99.65174380022567,../work/dags/VN1_S100_0_dag.csv,../work/interventions/VN1_S100_0/comp_I1-B1.csv,VN
VN2_S100_0,100,1,1,4,1.0,68.2,65.06888888888642,6,143.67237091064453,85.03962129223699,../work/dags/VN2_S100_0_dag.csv,../work/interventions/VN2_S100_0/comp_I1-B1.csv,VN
VN3_S100_0,100,1,1,4,1.0,83.47,73.4654999999997,6,287.5638678073883,137.6604185681171,../work/dags/VN3_S100_0_dag.csv,../work/interventions/VN3_S100_0/comp_I1-B1.csv,VN
VN4_S100_0,100,1,1,4,1.0,77.96,68.79649999999758,6,218.1966061592102,132.92274337369608,../work/dags/VN4_S100_0_dag.csv,../work/interventions/VN4_S100_0/comp_I1-B1.csv,VN
VN1_S100_0,100,2,1,4,2.0,48.86,44.90749999999986,6,268.4473090171814,152.5555874158229,../work/dags/VN1_S100_0_dag.csv,../work/interventions/VN1_S100_0/comp_I1-B2.csv,VN
VN2_S100_0,100,2,1,4,2.0,46.44,42.49333333333357,6,267.5300409793854,121.74694144004404,../work/dags/VN2_S100_0_dag.csv,../work/interventions/VN2_S100_0/comp_I1-B2.csv,VN
VN3_S100_0,100,2,1,4,2.0,48.15,44.19749999999994,6,445.9372529983521,235.73027968190175,../work/dags/VN3_S100_0_dag.csv,../work/interventions/VN3_S100_0/comp_I1-B2.csv,VN
VN4_S100_0,100,2,1,4,2.0,45.9,41.93583333333363,6,381.5772149562836,197.46873719350617,../work/dags/VN4_S100_0_dag.csv,../work/interventions/VN4_S100_0/comp_I1-B2.csv,VN
VN1_S100_0,100,3,1,4,3.0,38.32,39.29250000000078,6,149.77292609214783,98.17746808455728,../work/dags/VN1_S100_0_dag.csv,../work/interventions/VN1_S100_0/comp_I1-B3.csv,VN
VN2_S100_0,100,3,1,4,3.0,36.38,37.06750000000125,6,182.4655439853668,81.77379086643951,../work/dags/VN2_S100_0_dag.csv,../work/interventions/VN2_S100_0/comp_I1-B3.csv,VN
VN3_S100_0,100,3,1,4,3.0,37.61,38.582500000000906,6,310.1664638519287,155.23779940110387,../work/dags/VN3_S100_0_dag.csv,../work/interventions/VN3_S100_0/comp_I1-B3.csv,VN
VN4_S100_0,100,3,1,4,3.0,35.84,36.51000000000138,6,292.3624260425568,133.61655680891198,../work/dags/VN4_S100_0_dag.csv,../work/interventions/VN4_S100_0/comp_I1-B3.csv,VN
VN1_S100_0,100,5,1,5,5.0,33.91,33.91000000000182,6,275.01470398902893,141.07155617166703,../work/dags/VN1_S100_0_dag.csv,../work/interventions/VN1_S100_0/comp_I1-B5.csv,VN
VN2_S100_0,100,5,1,5,5.0,31.85,31.85000000000218,6,313.90806889534,89.96642550219966,../work/dags/VN2_S100_0_dag.csv,../work/interventions/VN2_S100_0/comp_I1-B5.csv,VN
VN3_S100_0,100,5,1,5,5.0,33.38,33.38000000000193,6,304.9917941093445,210.64858120100516,../work/dags/VN3_S100_0_dag.csv,../work/interventions/VN3_S100_0/comp_I1-B5.csv,VN
VN4_S100_0,100,5,1,5,5.0,31.5,31.500000000002125,6,239.0345549583435,153.31692714685903,../work/dags/VN4_S100_0_dag.csv,../work/interventions/VN4_S100_0/comp_I1-B5.csv,VN
VN1_S100_0,100,7,1,5,5.0,33.91,33.91000000000182,6,191.9562039375305,94.46217569055084,../work/dags/VN1_S100_0_dag.csv,../work/interventions/VN1_S100_0/comp_I1-B7.csv,VN
VN2_S100_0,100,7,1,5,5.0,31.85,31.85000000000218,6,236.759183883667,73.52880552003451,../work/dags/VN2_S100_0_dag.csv,../work/interventions/VN2_S100_0/comp_I1-B7.csv,VN
VN3_S100_0,100,7,1,5,5.0,33.38,33.38000000000193,6,359.81572699546814,184.16314202742467,../work/dags/VN3_S100_0_dag.csv,../work/interventions/VN3_S100_0/comp_I1-B7.csv,VN
VN4_S100_0,100,7,1,5,5.0,31.5,31.500000000002125,6,184.4480369091034,106.0038461384584,../work/dags/VN4_S100_0_dag.csv,../work/interventions/VN4_S100_0/comp_I1-B7.csv,VN
VN1_S100_0,100,1,3,2,1.0,112.39,195.4645945946238,6,254.983699798584,156.92485682398868,../work/dags/VN1_S100_0_dag.csv,../work/interventions/VN1_S100_0/comp_I3-B1.csv,VN
VN2_S100_0,100,1,3,2,1.0,103.86,183.77096774186356,6,218.42773294448853,141.69885339321354,../work/dags/VN2_S100_0_dag.csv,../work/interventions/VN2_S100_0/comp_I3-B1.csv,VN
VN3_S100_0,100,1,3,2,1.0,108.53,203.58666666657277,6,330.59200620651245,198.29826042830663,../work/dags/VN3_S100_0_dag.csv,../work/interventions/VN3_S100_0/comp_I3-B1.csv,VN
VN4_S100_0,100,1,3,2,1.0,103.66,197.37999999991072,6,230.5564649105072,160.04998044267174,../work/dags/VN4_S100_0_dag.csv,../work/interventions/VN4_S100_0/comp_I3-B1.csv,VN
VN1_S100_0,100,2,3,4,2.0,71.51,64.89749999999802,6,454.9324040412903,101.3056779497184,../work/dags/VN1_S100_0_dag.csv,../work/interventions/VN1_S100_0/comp_I3-B2.csv,VN
VN2_S100_0,100,2,3,4,2.0,67.61,61.734999999997946,6,162.96943616867063,91.16828218418053,../work/dags/VN2_S100_0_dag.csv,../work/interventions/VN2_S100_0/comp_I3-B2.csv,VN
VN3_S100_0,100,2,3,4,2.0,78.42,69.83249999999965,6,258.8993320465088,153.2356244383682,../work/dags/VN3_S100_0_dag.csv,../work/interventions/VN3_S100_0/comp_I3-B2.csv,VN
VN4_S100_0,100,2,3,4,2.0,68.35,66.50999999999682,6,505.55169200897217,143.4567878588696,../work/dags/VN4_S100_0_dag.csv,../work/interventions/VN4_S100_0/comp_I3-B2.csv,VN
VN1_S100_0,100,3,3,5,3.0,58.17,54.70499999999871,6,244.00131821632385,189.6689461764269,../work/dags/VN1_S100_0_dag.csv,../work/interventions/VN1_S100_0/comp_I3-B3.csv,VN
VN2_S100_0,100,3,3,5,3.0,54.55,52.3565909090896,6,227.7766020298004,134.53551091440465,../work/dags/VN2_S100_0_dag.csv,../work/interventions/VN2_S100_0/comp_I3-B3.csv,VN
VN3_S100_0,100,3,3,4,3.0,54.5,54.42499999999776,6,248.99251008033752,150.94407708210267,../work/dags/VN3_S100_0_dag.csv,../work/interventions/VN3_S100_0/comp_I3-B3.csv,VN
VN4_S100_0,100,3,3,4,3.0,52.16,52.00999999999828,6,220.91590309143064,122.87033855942089,../work/dags/VN4_S100_0_dag.csv,../work/interventions/VN4_S100_0/comp_I3-B3.csv,VN
VN1_S100_0,100,5,3,5,5.0,51.24,51.239999999998375,6,219.52230095863345,133.29041810973803,../work/dags/VN1_S100_0_dag.csv,../work/interventions/VN1_S100_0/comp_I3-B5.csv,VN
VN2_S100_0,100,5,3,5,5.0,49.01,49.00999999999882,6,147.46102499961853,89.48669223408979,../work/dags/VN2_S100_0_dag.csv,../work/interventions/VN2_S100_0/comp_I3-B5.csv,VN
VN3_S100_0,100,5,3,5,5.0,50.71,50.70999999999848,6,248.0099470615387,188.24990491146784,../work/dags/VN3_S100_0_dag.csv,../work/interventions/VN3_S100_0/comp_I3-B5.csv,VN
VN4_S100_0,100,5,3,5,5.0,48.69,48.68999999999888,6,203.59015798568728,142.03407119434192,../work/dags/VN4_S100_0_dag.csv,../work/interventions/VN4_S100_0/comp_I3-B5.csv,VN
VN1_S100_0,100,7,3,5,5.0,51.24,51.239999999998375,6,167.13619089126587,100.98411918914267,../work/dags/VN1_S100_0_dag.csv,../work/interventions/VN1_S100_0/comp_I3-B7.csv,VN
VN2_S100_0,100,7,3,5,5.0,49.01,49.00999999999882,6,116.5812041759491,66.46575308671675,../work/dags/VN2_S100_0_dag.csv,../work/interventions/VN2_S100_0/comp_I3-B7.csv,VN
VN3_S100_0,100,7,3,5,5.0,50.71,50.70999999999848,6,178.58724904060364,130.28294006469432,../work/dags/VN3_S100_0_dag.csv,../work/interventions/VN3_S100_0/comp_I3-B7.csv,VN
VN4_S100_0,100,7,3,5,5.0,48.69,48.68999999999888,6,176.2611231803894,110.5851948235364,../work/dags/VN4_S100_0_dag.csv,../work/interventions/VN4_S100_0/comp_I3-B7.csv,VN
VN1_S100_0,100,1,6,4,1.0,348.26,342.7332777776485,6,439.22266697883606,300.85630845152093,../work/dags/VN1_S100_0_dag.csv,../work/interventions/VN1_S100_0/comp_I6-B1.csv,VN
VN2_S100_0,100,1,6,4,1.0000000000000002,331.21,329.5658452379728,6,312.86804699897766,205.30535175132496,../work/dags/VN2_S100_0_dag.csv,../work/interventions/VN2_S100_0/comp_I6-B1.csv,VN
VN3_S100_0,100,1,6,5,1.0,385.75,371.9140716372577,6,349.0911109447479,234.20406429934707,../work/dags/VN3_S100_0_dag.csv,../work/interventions/VN3_S100_0/comp_I6-B1.csv,VN
VN4_S100_0,100,1,6,5,1.0,373.19,362.0490123455112,6,322.1258840560913,189.791192108341,../work/dags/VN4_S100_0_dag.csv,../work/interventions/VN4_S100_0/comp_I6-B1.csv,VN
VN1_S100_0,100,2,6,6,2.0,299.77,281.74177688010707,6,417.7932569980621,273.2163525825023,../work/dags/VN1_S100_0_dag.csv,../work/interventions/VN1_S100_0/comp_I6-B2.csv,VN
VN2_S100_0,100,2,6,6,2.0,286.82,271.1460432899596,6,420.9175760746002,252.55215900077408,../work/dags/VN2_S100_0_dag.csv,../work/interventions/VN2_S100_0/comp_I6-B2.csv,VN
VN3_S100_0,100,2,6,6,2.0,332.5,320.55790151502003,6,360.18448090553284,244.5868454569156,../work/dags/VN3_S100_0_dag.csv,../work/interventions/VN3_S100_0/comp_I6-B2.csv,VN
VN4_S100_0,100,2,6,6,2.0,320.41,311.60915151500456,6,404.9181468486786,236.94216810775592,../work/dags/VN4_S100_0_dag.csv,../work/interventions/VN4_S100_0/comp_I6-B2.csv,VN
VN1_S100_0,100,3,6,9,3.0,256.77,243.00075757568095,6,331.91678190231323,237.0932001517209,../work/dags/VN1_S100_0_dag.csv,../work/interventions/VN1_S100_0/comp_I6-B3.csv,VN
VN2_S100_0,100,3,6,8,3.0,243.41,231.81727318288804,6,315.6352491378784,224.03125555248891,../work/dags/VN2_S100_0_dag.csv,../work/interventions/VN2_S100_0/comp_I6-B3.csv,VN
VN3_S100_0,100,3,6,5,3.0000000000000004,283.37,286.4512499999129,6,347.7030909061432,244.89314643596416,../work/dags/VN3_S100_0_dag.csv,../work/interventions/VN3_S100_0/comp_I6-B3.csv,VN
VN4_S100_0,100,3,6,5,3.0,271.65,280.8573034397036,6,361.87110590934753,245.4134976086948,../work/dags/VN4_S100_0_dag.csv,../work/interventions/VN4_S100_0/comp_I6-B3.csv,VN
VN1_S100_0,100,5,6,14,4.999999999999999,202.39,192.30427272723304,6,146.2306718826294,102.81066856667114,../work/dags/VN1_S100_0_dag.csv,../work/interventions/VN1_S100_0/comp_I6-B5.csv,VN
VN2_S100_0,100,5,6,14,5.000000000000001,200.87,182.1941501975972,6,152.24290299415588,97.41351247318732,../work/dags/VN2_S100_0_dag.csv,../work/interventions/VN2_S100_0/comp_I6-B5.csv,VN
VN3_S100_0,100,5,6,9,5.0,265.35,245.3196767675904,6,240.46750593185425,182.3098770313322,../work/dags/VN3_S100_0_dag.csv,../work/interventions/VN3_S100_0/comp_I6-B5.csv,VN
VN4_S100_0,100,5,6,9,5.0,256.47,238.9217424241587,6,192.99840712547305,145.9739642128586,../work/dags/VN4_S100_0_dag.csv,../work/interventions/VN4_S100_0/comp_I6-B5.csv,VN
VN1_S100_0,100,7,6,13,7.0,166.67,157.9957407407312,6,206.95373702049253,145.30087395577425,../work/dags/VN1_S100_0_dag.csv,../work/interventions/VN1_S100_0/comp_I6-B7.csv,VN
VN2_S100_0,100,7,6,13,7.000000000000001,157.68,151.4216161616159,6,126.58085489273073,75.06849368115589,../work/dags/VN2_S100_0_dag.csv,../work/interventions/VN2_S100_0/comp_I6-B7.csv,VN
VN3_S100_0,100,7,6,11,7.0,224.91,219.4254166666064,6,198.2723219394684,147.70938281921028,../work/dags/VN3_S100_0_dag.csv,../work/interventions/VN3_S100_0/comp_I6-B7.csv,VN
VN4_S100_0,100,7,6,11,7.0,226.92,214.4670833332776,6,246.6477899551392,161.4375850451431,../work/dags/VN4_S100_0_dag.csv,../work/interventions/VN4_S100_0/comp_I6-B7.csv,VN
VN1_S100_0,100,1,12,3,1.0,417.18,411.9959999997645,6,19.112322092056274,14.385483396637092,../work/dags/VN1_S100_0_dag.csv,../work/interventions/VN1_S100_0/comp_I12-B1.csv,VN
VN2_S100_0,100,1,12,3,1.0,406.88,401.9666666664441,6,25.630025148391724,28.736080695589088,../work/dags/VN2_S100_0_dag.csv,../work/interventions/VN2_S100_0/comp_I12-B1.csv,VN
VN3_S100_0,100,1,12,3,1.0,432.19,425.2049999997569,6,14.52429699897766,10.958657922128012,../work/dags/VN3_S100_0_dag.csv,../work/interventions/VN3_S100_0/comp_I12-B1.csv,VN
VN4_S100_0,100,1,12,3,1.0,424.32,417.9949999997637,6,14.25931692123413,10.758474680326596,../work/dags/VN4_S100_0_dag.csv,../work/interventions/VN4_S100_0/comp_I12-B1.csv,VN
VN1_S100_0,100,2,12,6,2.0,411.16,400.6780555553427,6,18.11239004135132,13.49253120931966,../work/dags/VN1_S100_0_dag.csv,../work/interventions/VN1_S100_0/comp_I12-B2.csv,VN
VN2_S100_0,100,2,12,6,2.0,401.99,389.1374999997985,6,18.63624095916748,13.700696886654445,../work/dags/VN2_S100_0_dag.csv,../work/interventions/VN2_S100_0/comp_I12-B2.csv,VN
VN3_S100_0,100,2,12,3,2.0,418.38,417.6599999997651,6,14.286401987075806,10.60859166463657,../work/dags/VN3_S100_0_dag.csv,../work/interventions/VN3_S100_0/comp_I12-B2.csv,VN
VN4_S100_0,100,2,12,3,2.0,411.9,411.0349999997711,6,16.15548610687256,10.663479125378265,../work/dags/VN4_S100_0_dag.csv,../work/interventions/VN4_S100_0/comp_I12-B2.csv,VN
VN1_S100_0,100,3,12,6,3.0,393.66,392.8310416664686,6,17.478256940841675,13.631704691939731,../work/dags/VN1_S100_0_dag.csv,../work/interventions/VN1_S100_0/comp_I12-B3.csv,VN
VN2_S100_0,100,3,12,8,3.0000000000000004,389.44,379.837083333138,6,19.235242128372192,14.097346051743967,../work/dags/VN2_S100_0_dag.csv,../work/interventions/VN2_S100_0/comp_I12-B3.csv,VN
VN3_S100_0,100,3,12,4,3.0,417.02,416.4449999997662,6,42.47832202911377,114.71964720931642,../work/dags/VN3_S100_0_dag.csv,../work/interventions/VN3_S100_0/comp_I12-B3.csv,VN
VN4_S100_0,100,3,12,5,3.0,409.57,408.70642857120174,6,13.96803617477417,12.155114534183538,../work/dags/VN4_S100_0_dag.csv,../work/interventions/VN4_S100_0/comp_I12-B3.csv,VN
VN1_S100_0,100,5,12,7,5.0,380.29,379.7385714283704,6,18.292999982833862,13.269159509144057,../work/dags/VN1_S100_0_dag.csv,../work/interventions/VN1_S100_0/comp_I12-B5.csv,VN
VN2_S100_0,100,5,12,8,5.0,365.89,365.7895238093363,6,18.354522943496704,13.537636185561537,../work/dags/VN2_S100_0_dag.csv,../work/interventions/VN2_S100_0/comp_I12-B5.csv,VN
VN3_S100_0,100,5,12,7,5.0,414.95,414.793333333101,6,16.105499982833862,16.364433464802392,../work/dags/VN3_S100_0_dag.csv,../work/interventions/VN3_S100_0/comp_I12-B5.csv,VN
VN4_S100_0,100,5,12,6,5.0,406.14,405.8014285712048,6,12.921934843063354,13.27223855782793,../work/dags/VN4_S100_0_dag.csv,../work/interventions/VN4_S100_0/comp_I12-B5.csv,VN
VN1_S100_0,100,7,12,11,7.0,375.89,375.32266666647024,6,22.680824041366577,26.49761229539416,../work/dags/VN1_S100_0_dag.csv,../work/interventions/VN1_S100_0/comp_I12-B7.csv,VN
VN2_S100_0,100,7,12,12,7.0,360.74,360.20249999981667,6,20.87719202041626,22.38696807329684,../work/dags/VN2_S100_0_dag.csv,../work/interventions/VN2_S100_0/comp_I12-B7.csv,VN
VN3_S100_0,100,7,12,10,7.0,414.42,414.42599999976807,6,16.17600989341736,19.26439195905113,../work/dags/VN3_S100_0_dag.csv,../work/interventions/VN3_S100_0/comp_I12-B7.csv,VN
VN4_S100_0,100,7,12,11,7.0,405.11,405.0743333331099,6,15.496855020523071,19.890601289697088,../work/dags/VN4_S100_0_dag.csv,../work/interventions/VN4_S100_0/comp_I12-B7.csv,VN
VN1_S100_0,100,1,18,1,1.0,427.49,427.4899999997562,6,6.269452095031738,5.409633669065282,../work/dags/VN1_S100_0_dag.csv,../work/interventions/VN1_S100_0/comp_I18-B1.csv,VN
VN2_S100_0,100,1,18,2,1.0,417.49,418.499999999764,6,6.528802871704102,5.45306765641162,../work/dags/VN2_S100_0_dag.csv,../work/interventions/VN2_S100_0/comp_I18-B1.csv,VN
VN3_S100_0,100,1,18,1,1.0,439.48,439.4799999997453,6,7.1316211223602295,6.178469978121349,../work/dags/VN3_S100_0_dag.csv,../work/interventions/VN3_S100_0/comp_I18-B1.csv,VN
VN4_S100_0,100,1,18,1,1.0,430.24,430.2399999997537,6,6.773406982421875,6.470018005321658,../work/dags/VN4_S100_0_dag.csv,../work/interventions/VN4_S100_0/comp_I18-B1.csv,VN
VN1_S100_0,100,2,18,4,2.0,426.05,425.2363888886472,6,8.349370956420898,12.933763903422438,../work/dags/VN1_S100_0_dag.csv,../work/interventions/VN1_S100_0/comp_I18-B2.csv,VN
VN2_S100_0,100,2,18,4,2.0,416.09,415.1271428569117,6,7.058926105499268,5.47923473840383,../work/dags/VN2_S100_0_dag.csv,../work/interventions/VN2_S100_0/comp_I18-B2.csv,VN
VN3_S100_0,100,2,18,2,2.0,438.47,438.4699999997462,6,6.785606861114502,6.2141945211608745,../work/dags/VN3_S100_0_dag.csv,../work/interventions/VN3_S100_0/comp_I18-B2.csv,VN
VN4_S100_0,100,2,18,2,2.0,429.03,429.0299999997548,6,6.477163076400757,5.633314538475506,../work/dags/VN4_S100_0_dag.csv,../work/interventions/VN4_S100_0/comp_I18-B2.csv,VN
VN1_S100_0,100,3,18,5,3.0,424.25,424.08666666642574,6,6.895321846008301,5.576132521063986,../work/dags/VN1_S100_0_dag.csv,../work/interventions/VN1_S100_0/comp_I18-B3.csv,VN
VN2_S100_0,100,3,18,5,3.0,413.87,413.5933333331018,6,6.119753122329712,5.906584752229652,../work/dags/VN2_S100_0_dag.csv,../work/interventions/VN2_S100_0/comp_I18-B3.csv,VN
VN3_S100_0,100,3,18,5,3.0,438.43,438.4099999997463,6,7.225955963134766,6.274904159566045,../work/dags/VN3_S100_0_dag.csv,../work/interventions/VN3_S100_0/comp_I18-B3.csv,VN
VN4_S100_0,100,3,18,6,3.0,428.94,428.9006666664216,6,6.714349985122681,5.912793155059107,../work/dags/VN4_S100_0_dag.csv,../work/interventions/VN4_S100_0/comp_I18-B3.csv,VN
VN1_S100_0,100,5,18,6,5.0,422.97,423.0199999997603,6,6.433712005615234,5.45789298561462,../work/dags/VN1_S100_0_dag.csv,../work/interventions/VN1_S100_0/comp_I18-B5.csv,VN
VN2_S100_0,100,5,18,6,5.0,412.5,412.1599999997701,6,6.065773010253906,5.9656887175654125,../work/dags/VN2_S100_0_dag.csv,../work/interventions/VN2_S100_0/comp_I18-B5.csv,VN
VN3_S100_0,100,5,18,7,5.0,438.38,438.3799999997463,6,7.402128934860229,6.401907452973209,../work/dags/VN3_S100_0_dag.csv,../work/interventions/VN3_S100_0/comp_I18-B5.csv,VN
VN4_S100_0,100,5,18,6,5.0,428.8,428.794999999755,6,7.405534982681274,8.950468325532452,../work/dags/VN4_S100_0_dag.csv,../work/interventions/VN4_S100_0/comp_I18-B5.csv,VN
VN1_S100_0,100,7,18,8,7.0,422.84,422.8249999997605,6,7.373305082321167,8.740001710376902,../work/dags/VN1_S100_0_dag.csv,../work/interventions/VN1_S100_0/comp_I18-B7.csv,VN
VN2_S100_0,100,7,18,8,7.0,411.69,411.6649999997706,6,6.4688990116119385,4.834686832207512,../work/dags/VN2_S100_0_dag.csv,../work/interventions/VN2_S100_0/comp_I18-B7.csv,VN
VN3_S100_0,100,7,18,15,7.0,438.38,438.3799999997463,6,7.387984037399292,6.479790729491595,../work/dags/VN3_S100_0_dag.csv,../work/interventions/VN3_S100_0/comp_I18-B7.csv,VN
VN4_S100_0,100,7,18,12,7.0,428.79,428.789999999755,6,6.526395082473755,5.76333495514156,../work/dags/VN4_S100_0_dag.csv,../work/interventions/VN4_S100_0/comp_I18-B7.csv,VN
